Spam/Ham,combined_text
spam,"dewitt, investor alert - lrcj - brand new stock for your attention lauraan corporation - stock symbol: lrcj breaking news released by the company on friday after the ciose - watch out the stock go crazy on wednesday morning 19 th of january. current price: $ 0. 12 projected speculative price in next 5 days: $ o. 45 projected specuiative price in next 15 days: $ o. 65 lauraan corporation (lauraan) is a premier provider of home entertainment and home automation products and services to the new home market. the company se | | s primarily through homebuilders to homebuyers who are building homes in the $ 30 ok, and up range. lauraan is an eariy stage company in the process of deveioping its business, nationwide, through acquisitions of existing home technology companies in select markets throughout the country. the company has an experienced management team that has years of experience in the home technology industry. current price: $ o. 12 projected speculative price in next 5 days: $ 0. 45 projected specuiative price in next 15 days: $ 0. 65 current status lauraan has compieted its first acquisition, syslync of georgia (georgia ). the company plans to acquire 3 more locations in the next 4 months (lois are negotiated and ready to be announced.) georgia currentiy has annualized revenues of $ 5 ook and is expected to double its monthly revenue in the next 6 months. the three next acquisitions wi | | add an additional $ 2. 5 million in revenue. long - term strategy the company plans to raise funds to make acquisitions throughout strategic new household markets and create a national brand with revenues of $ 50 - 75 mi | | ion by 2007. lauraan wil | be recognized for its quaiity of service, value provided, and the simplicity of its solutions. breaking news: lauraan corporation announces new servicing and builder agreements grapevine, texas, jan 14, 2 oo 5 / prnewswire - firstcal | via comtex / - - lauraan corporation (lrcj) ("" lauraan "" ), a provider of home entertainment and automation products for the new home market, announced today that their wholly - owned subsidiary, sysiync of georgia, (sysiync) has completed an exciusive agreement with certicom, inc. a nationa | provider of home and commercial security systems, to service their residential accounts in the atianta area. in addition, syslync has been named the soie insta | | er for new instailations of residential alarms for certicom and wi | | be their supplier of other home technoiogy products too. sysiync aiso announced today that they were selected as the preferred provider of home technology products and services for atianta - found lou freeman properties, inc. , a developer and buiider of custom homes in the $ 2 oo, ooo to $ 1, ooo, ooo pius, range. "" these two agreements wi | | more than double the homes we touch throughout the atianta area, "" stated david watson, genera | manager of sysiync, "" and the agreements wiil provide syslync with steady, recurring revenue streams important to our profitability. "" lauraan is a home entertainment and technoiogy soiutions provider that offers buiiders and homeowners a single source for their audio / video, home theater, security, computer and home automation needs. through its company - owned stores, lauraan subsidiaries work directly with buiiders and homeowners, to design and instal | home technoiogy soiutions that f i t the homeowner ' s | ifestyie and budget. safe harbor act phonograph record | @ imer: this press release contains forward - looking statements within the meaning of section 27 a of the securities act of 1933, as amended, and section 21 e of the securities exchange act of 1934, as amended (the "" exchange act "" ), and as such, may invoive risks and uncertainties. forward - looking statements, which are based on certain assumptions and describe future pians, strategies, and expectations, are generally identifiable by the use of words such as "" beiieve, "" "" expect, "" "" intend "" "" anticipate, "" "" estimate, "" "" project, "" or simiiar expressions. these forward - looking statements reiate to, among other things, expectations of the business environment in which the company operates, projections of future performance, potential future performance, perceived opportunities in the market, and statements regarding the company ' s mission and vision. the company ' s actua | resuits, performance, and achievements may differ materially from the resuits, performance, and achievements expressed or implied in such forward moving - | ooking statements due to a wide range of factors which are set forth in our annual report on form 10 - ksb on file with the sec. read this | ega | notes before you do anything eise: information within this email contains "" forward looking statements "" within the meaning of section 27 a of the securities act of 1933 and section 21 b of the securities exchange act of 1934. any statements that express or involve discussions with respect to predictions, goais, expectations, beliefs, pians, projections, objectives, assumptions or future events or performance are not statements of historica | fact and may be "" forward | ooking statements. "" forward | ooking statements are based on expectations, estimates and projections at the time the statements are made that invoive a number of risks and uncertainties which could cause actual results or events to differ materiaily from those presentiy anticipated. forward looking statements in this action may be identified through the use of words such as: "" projects "", "" foresee "", "" expects "", "" estimates, "" "" beiieves, "" "" understands "" "" wil |, "" "" part of: "" anticipates, "" or that by statements indicating certain actions "" may, "" "" could, "" or "" might "" occur. al | information provided within this emai | pertaining to investing, stocks, securities must be understood as information provided and not investment advice. emerging equity aiert advises ail readers and subscribers to seek advice from a registered professional securities representative before deciding to trade in stocks featured within this emai |. none of the material within this report sha | | be construed as any kind of investment advice. please have in mind that the interpretation of the witer of this newsietter about the news published by the company does not represent the company officia | statement and in fact may differ from the rea | meaning of what the news reiease meant to say. look the news release by yourseif and judge by yourself about the detaiis in it. in compliance with section 17 (b ), we disciose the holding of lrcj shares prior to the pubiication of this report. be aware of an inherent conflict of interest resulting from such holdings due to our intent to profit from the liquidation of these shares. shares may be sold at any time, even after positive statements have been made regarding the above company. since we own shares, there is an inherent confiict of interest in our statements and opinions. readers of this pubiication are cautioned not to place undue reliance on forward - looking statements, which are based on certain assumptions and expectations involving various risks and uncertainties, that couid cause resuits to differ materially from those set forth in the forward - looking statements. please be advised that nothing within this emai | shall constitute a solicitation beaver state an invitation to get spatial relation in or sel | any security mentioned herein. this newsietter is neither a registered investment advisor nor affiliated with any broker or dealer. this newsletter was paid $ 1956 o from third party to send this report. all statements made are our express opinion only and shouid be treated as such. we may own, take position and sell any securities mentioned at any time. this report includes forward - looking statements within the meaning of the private securities litigation reform act of 1995. these statements may inciude terms as "" expect "", "" believe "", "" may "", "" wi | | "", "" move "", "" undervaiued "" and "" intend "" or simiiar terms. if you wish to stop future mailings, or if you fee | you have been wrongfuily placed in our l i s t, piease go here (- aolmember 3 oeruw. com / optl / rm. html - )"
spam,"dear applicant, after further review upon receiving your application your current mortgage qualifies for a 3% lower rate. your new monthly payment will be as low as $ 340 / month for a $ 200, 000 loan. please confirm your information in order for u to finalize your loan, operating theater you may also use for a unexampled one. complete the final tone by visiting our 60 second form we look foward to working with you. thank you, rita martin, score manager sundio and associates, llc. - - - - - - - - - - - - - - - - - - - - - - - not interested - http: / / www. mortgage - lowsz. net / r. php"
spam,unsubscribe curate tearfulallotting protease whirlintellectual phosphate areaburgundian rapacious bombastamorous baneberry impeach orthodonticcaribou credent taterawaken inland courtneyenvy goodwin demountablechloride
spam,"? »? you volition not find better cost anywhere! !! did you know that you can conveniently and comfortably connect with our physician and pharmacists through the internet? choose your medication point, click, order and your done! your medication is on it ' s way. society by 2 pm est and get your meds tomorrow! start saving. rules of order your medications hither. thanks, i would like to end this."
spam,sa; ve 7 _ 0% ord. ering onl / ine to ` day! captain hicks! sit our site and sa! ve big atheism cyclotron delphine dickerson concession butte danbury asplenium antique bartend combine boatyard ardent cheerlead chateau adenine descendant cal dianne discriminate continuum bauhaus amperage alexandria baseball collide dewar cerium angelica digital daybed baby dispersion digging chirp deliberate bazaar confirmation concussion appian chat disgustful cannel acropolis clothbound byroad coinage dingy bobolink bastion began apathetic republic of angola prince otto eduard leopold von bismarck congresswomen bullet carboloy benefice aventine chris removemeplease
spam,oem cd shop the stock is limited the offer is valid till january 1 - microsoft windows xp pro + microsoft function xp pro damage: $ 80. 00 - more info - macromedia dreamwaver mx 2004 + flash maxwell 2004 mary leontyne price: $ 100. 00 - more than info - adobe photoshop 7 + adobe premiere 7 + adobe illustrator 10 price: $ 120. 00 - more info and many others. ..
spam,chance out who they are chatting / emailing withfor all those hours! be your spouse cheating online? are your kids sing to dangerous people on instant messenger? find out now with big brotheravailable as an clamant software download. alone $ 39. ninety five click here to order please click here if you would like to be removed from this list. - - - - this sf. nett email is sponsored by: thinkgeek welcome to geek heaven. http: / / thinkgeek. com / sf spamassassin - sightings mailing list
spam,"our ebay marketing ecourse is a straight forward downcast learning curve ecourse. it is a self executing windows program (. exe) written and compiled by our staff. we show you everything, how to experience started, where to get products, marketing strategies, how to find niche markets and what to serve at the close of each auction. you can be running your own ebay business, and be pull in money fast! this package will pay for itself many times over with just a little time and ef fort from you. we as well teach you how to create and write your ain auction ads, one of a kind ads that will pull orders like wildfire! ! go here to find out morewant to be dropped from our list? do not reply to this email. copy and paste this link into your web browser - bisops. com / rmm. htm computer technologies 848 n. rainbow blvd. # 316 las vegas, nv 89107"
spam,"top quality software: special offer # 1: windows xp professional + microsoft office xp professional = only $ 80 special offer # 2: adobe - photoshop 7, premiere 7, illustrator 10 = only $ 120 special offer # 3: macromedia dreamwaver mx 2004 + flash mx 2004 = only $ 100 also: windows 2003 server windows 2000 workstation windows 2000 server windows 2000 advanced server window 2000 datacenter windows nt 4. 0 windows millenium windows 98 second edition windows 95 office xp professional office 2000 office 97 ms plus ms sql server 2000 enterprise edition ms visual studio apartment. net architect edition ms encarta encyclopedia delux 2004 magnolia state project 2003 professional ms money 2004 ms streets and trips 2004 ms works 7 ms picture it premium 9 ms exchange 2003 enterprise server adobe photoshop adobe pagemaker adobe illustrator adobe acrobat 6 professional adobe premiere macromedia dreamwaver mx 2004 macromedia flash mx 2004 macromedia fireworks mx 2004 macromedia freehand mx 11 corel draw nontextual matter suite 12 corel draw graphics suite 11 corel photo painter 8 corel word perfect role 2002 norton system works 2003 borland delphi 7 enterprise edition quark xpress 6 passport multilanguage enter here? 2 n 47 a 3 zvjc 9 xk 2 @ iit. demokritos. gr ""> or un * su * bs * cr * ibe"
spam,pine smoulder discrete% q news; web log; clean paper; downloads; reviews; prices. go. qui vive |; newsletters |; rss provender. click here. enterprise news. mozilla freezes seamonkey: 04: 20 pm automation a bigger deal than offshoring? 03: 33 pm. time to kill it for the
spam,"rochester, ny, apr 11, 2005 (m 2 presswire via comtex) - - otcstockexchange. coms stock watch alert this morning are wysak petroleum (wysk ), key energy services, inc. (pink plane: kegs ), medify solutions (mfys ), sequoia interests corporation (sqnc ). wysak petroieum (wysk) current price: 0. 24 wysak petroieum announces the signing of a letter of intent with the european commission baltic renewabie energy centre (ec brec) to assist wysak petroieum in the growth of the wysak wind power project. ec brec and wysak receive signed a loi in respect to the development of a fu | | - sized commercia | wind power project in europe. this | etter states that ec brec can support wysak in matters such as financia | structuring and investment, reguiatory issues, government poiicies, negotiations, wind technologies, and other aspects reiating to wind power. about the wysak wind project this development will be up to a maximum 90 mw in size and cost upwards of $ 120 miliion in deveiopment expenditures. once compieted, this wind park wil | suppiy upwards of 170, 000 mw of electricity annuaily for poiand and the european community. this is enough green energy to suppiy upwards of 25, 000 homes with eiectricity and offset neariy 170, 000 tonnes of greenhouse gases. tota | gross eiectric saies over a 20 - year period are estimated at over $ 450 miliion for a project this size. about the ec baltic renewabie energy centre the mission of european commission - founded ec brec is to stimuiate the development of renewabie energy sources (res) in poiand through the construction of res projects, the deveiopment of innovative technoiogies, and the creation of reievant policies, strategies and pians. to fulfi | | the mission, ec brec uses its own research capabiiities and cooperates with partner institutions from the eu, other countries, and international organizations. about wysak petroleum wysak is a diversified energy company whose goa | is to key and develop traditiona | fossi | fuel sites, as weil as clean air alternative energy producing technologies. wysak controls one wyoming federa | oil gas | ease in the bighorn basin region and another in the green river basin. its two wyoming state leases are located 45 miies apart within the massive coalbed methane piay area of the powder river basin. numerous | arge petroleum and expioration firms operate near to al | of these properties; they include exxonmobiie (xom ), williams gas (wmb ), and western gas (wgr) among others. co | | ectively, over 26, 000 we | | s produced 54. 7 miilion barreis of oil and 1. 75 triliion cubic feet of natura | gas in wyoming conclusion: the examples above show the awesome, earning potential of little known companies that explode onto investor ' s radiolocation screens; many of you are already familiar with this. is wysk poised and positioned to do that for you? then you may fee | the time has come to act. .. and piease watch this one trade tuesday! go wysk. penny stocks are considered extremely specuiative and may be unsuitable for al | but very aggressive investors. this profile is not in any way affiiiated with the featured company. we were compensated 3000 doliars to distribute this report. this report is for entertainment and advertising purposes only and shouid not be used as investment advice. if you wish to stop future maiiings, or if you fee | you have been wrongfu | | y piaced in our membership, please go here or send a blank e mail with no thanks in the subject to stock 73 @ yahoo. com"
spam,now you can have sexual urge when you want again and again! whenever you have an efficient government you have a despotism. i sing all kinds. to pursue by faith alone is to follow blindly.
spam,"hello, welcome to medzonl hedgehog ine shop we are pleased to introduce ourselves as one of the ieading online pharmaceutica impractical iodine shops. financier v hundredweight roentgen designer al fifty sestertius l trashy lag a matronly cl isv baresark a septic um andmanyother. - save over 75 sundae% - full confid fewness entiaiity - worldwide outset shlpplng - complete cinque miilion cust dress omers in 150 countries have a skinny nice day!"
spam,"i encuentro / laboratorio de arte - acción en oaxaca el encuentro / laboratorio se plantea como un evento abierto de carácter propositivo destinado a incentivar la interacción y el cotejo entre las distintas poéticas y maneras de abordar la práctica del arte - acción en el entorno oaxaqueño. utilizamos el término genérico de arte - acción para referirnos de manera coloquial a manifestaciones dentro de un amplio rango de propuestas formales desde performance, poesía visual y concreta, música en acción, conciertos fluxus, cabaret, y demás intermedia. precisamente buscamos lograr visualizar el abanico desplegado de todas las alternativas posibles de realización artística que actualmente desarrollan quienes se reconocen dentro de esta denominación. desarrollo. los participantes serán convocados de manera abierta a inscribir sus piezas presentando un proyecto, esto con el único fin de hacer una curaduria y organizar la programación de las mismas. asimismo se invitará de manera particular a artistas con una trayectoria reconocida dentro del medio. la dinámica del encuentro / laboratorio será la de un festival donde se programaran presentaciones consecutivas durante cuatro días, se celebrará una fiesta con los participantes en el encuentro donde se realizaran  acciones , se propone una clausura que permita entre los participantes intercambiar experiencias. finalmente se hará un registro documental de todas las actividades que quedará como memoria de las mismas. quienes promovemos el encuentro / laboratorio lo hacemos a titulo personal a partir de nuestra afición por este tipo de manifestaciones, en principio contamos solamente con elevation entusiasmo como recurso para llevarlo a cabo, convencidos de poder involucrar a personas e instituciones en elevated apoyo a las distintas actividades necesarias para su concreción. encuentro / laboratorio de arte - acción en oaxaca la benemérita en colaboración con la alianza franco - mexicana de oaxaca, la biblioteca andrés henestrosa, el centro fotográfico manuel álvarez bravo, el cine - club el pochote y la oficina. convoca a los creadores y artistas en general a participar presentando una propuesta artística que se inscriba dentro de la multiplicidad de posibilidades del arte - acción, en el lß encuentro / laboratorio de arte - acción en oaxaca que se llevará a cabo los días 27, 28, 29 y 30 de julio del presente año en distintos foros de la ciudad de oaxaca. el encuentro / laboratorio * no es un concurso, no se darán premios ni distinciones, por el contrario, se plantea como un evento abierto de carácter propositivo destinado a incentivar la interacción y el cotejo entre las distintas poéticas y maneras de abordar la práctica del arte - acción en el entorno oaxaqueño. de acuerdo a las siguientes bases 1 podrán participar todos los creadores que utilicen el arte - acción como medio de expresión 2 se podrá inscribir una propuesta de manera individual o colectiva 3 la temática es libre 4 deberán entregar un proyecto que nos permita organizar una programación, dicho proyecto deberá contener lo siguiente: a. nombre y lugar de procedencia del artista o grupo b. título de la pieza c. tiempo de duración (se recomienda no exceder los 20 minutos) d. una pequeña descripción de la pieza e. especificación de los recursos técnicos a utilizar f. ficha biográfica o curricular del artista o grupo (máximo media cuartilla) g. datos de localización: e - mail y teléfono 5 la recepción de proyectos quedará abierta a partir de la publicación de esta convocatoria y hasta el 8 de julio del presente año, en los siguientes lugares: a. alianza franco - mexicana de oaxaca, morelos 306, esq. crespo, centro histórico, en horas de oficina. b. a través de las direcciones electrónicas: labenemeritao 7 @ hotmail. com, labenemeritao 7 @ yahoo. com. c. para proyectos de fuera de oaxaca: 5 de mayo 409, centro histórico, oaxaca, oaxaca, c. p. 68000. restricciones:  contamos con recursos limitados por lo que se recomienda que cada artista o grupo se haga responsable de resolver los requerimientos técnicos necesarios para su pieza.  no se realizaran piezas que pongan en peligro la integridad física de los artistas o de los demás participantes  no se realizaran piezas que incluyan la utilización de substancias o materiales que afecten de forma irreversible las instalaciones de los inmuebles sedes. . junio de 2005 labenemerita centro fotografico manuel alvarez bravo murguia no. 302 centro historico oaxaca, oax. mexico 01 (951) 51419 33 cfmabac @ prodigy. net. mx do you yahoo! ? la mejor conexión a internet y 2 gb extra a tu correo por $ 100 al mes. http: / / net. yahoo. com. mx"
spam,"hi, would you like to spennd less on your medlcatlons? sojourn medications - by - mail shop and save over seventy five% with us. va u atomic number 47 c is ll mvl right ascension lal xandmanyother have a nice mean solar day. p. s. you will be pleasanntly surprised with our price!"
spam,intruders cannot nuke or detect the newer improved ppvf - 5 works with all: adult channel pay per horizon channels special order sport channels make up per view movies special events such as boxing fights and wrestling events catch your ppv filter today and start enjoying free motion picture. find out more here i didn ' t ask for this email: ijxdvamkr w q atomic number 58 fsmugnqbc ygwrfqpatqywmrknkyqkk epgwmbhev i vdbekf wasytccnt q
spam,"hi! we have a new product that we offer to you, c _ i _ a _ l _ i _ s soft tabs, cialis soft tabs is the new impotence treatment drug that everyone is talking about. soft tabs acts astir to 36 hours, compare this to only two or three hours of viagra action! the fighting constituent is tadalafil, same as in brand cialis. simply disolve half a pill nether your tongue, 10 min before sex, for the best erections you ' ve ever take in! soft tabs also have less sidebacks (you can drive or mix alcohol drinks with them ). you can get it at: http: / / www. getthatpills. com / soft / no thanks: http: / / www. getthatpills. com / rr. php"
spam,"orientals scantier denizen nouns kneeling greetings! confidential! for recipient only! dear recipient, diffusers slovenia infants slows kronecker a special e - card has been sent you. reopened prophecy logged downstream sewed -> you may pick it up by cluck on the link below and input your pickup code: caol 56 - us - lopyt getaway - ecards. com artichoke plait vagrant tutors annunciate your e - card will be available for 15 days from the sending date. to keep your e - card accessible indefinitely, you crataegus oxycantha want to join "" my e - cards "" - - an option to set so is provided in your e - card! hubert blueberry gagged fiction afrikaner save trees. memorise about wildlife nature and the environment. generate an advertising sponsored donation. every e - batting order sent helps support wildlife and the environment! inscribed droops rises truant unlike"
spam,"how ' s tricks? married 30 to 40 girls cheating on hubby to believe what have non occurerd in hisotry testament not occur at all, is to argue incredulity in the self worth of man. wot maber o, r"
spam,"hello, vislt our great pharmac - ybymail shop and save 75% v rava luma lenci is, man lag l mb al yother. have a upright day. p. s. you will be pieasantiy surprised with our prlcess; -) courage. now the mischievousness that normally inhabited her fresh young doctor blood, said he. he was a short, broad man of five - and - fo heavily upon a stout ebony cane. after him, in the uniform of a who the hell may you be? helium exploded. colour and grow troubled once more. could i be guilty of that? protested the captain. i realize t that restless spirit by which he was imbued. a set of curious the bulkheads, and there was a carved walnut sideboard laden with yielded. already bishop was moving down the line. for mr. blood we might send don diego de espinosa in a boat manned by his though it took a fortnight, lineage bubbled him. he sent me and mo stately red - hulled frigate, flying the english ensign. fortunes of the duke of monmouth. he was a sturdy, resolute fell fraught with loss of dignity. but there were those volunteers th"
spam,forthwith loading. .. no more than messages
spam,"you can ' t predict the future, but you can always prepare for it. double your life insurance policy for no extra cost! compare rates from top insurance companies around the country in our life and times, information technology ' s important to plan for your family ' s future, while being comfortable financially. choose the right life insurance policy today. you ' ll be able to compare rates and get a free application in less than a minute! compare your coverage $ 250, 000 as low as $ 6. 50 per month $ 500, 000 as low as $ 9. 50 per month $ 1, 000, 000 as low as $ 15. 50 per month get your free instant quote. .. compare the lowest prices, then. .. select a company and apply online. don ' t miss this! ! drive your free instant quote click for your free quote, now! (smoker rates also available) make insurance companies compete for your insurance. we have eliminated the prospicient process of finding the best rate by giving you access to multiple insurance companies all at once. use now and one of our insurance brokers will get back to you within 48 hours. click here! if you wish to be removed from future mailings please clicking here."
spam,"you are receiving this email because you registered to receive special offers from one of our marketing partners. if you would prefer not to receive future emails, please click here to unsubscribe: emailmarketing @ eyou. com tens of millions of people now use email as a fast and effective method of communicating with friends and business colleagues. many email users will be potential buyers of your product or service. if you want to introduce andsell your product or service, it would be the best way for you to use the email tocontact with yourtargeted customers (ofcourseyou shouldbeawareof the firstly ). targetedemail is no doubt very effective. if youcould introduce emaildirectly to thecustomer whoare interested in them, itwill bring to you much more than businesschance and success. xinlan internet marketing center, has many years of experience in developing utilizing internet resources. we have set up global business email address databases, which contain millions of email addresses of commercial enterprises and consumersall over the world. these email addresses are sorted by countries and fields. by using advanced professional technology, we also continuously update our databases, tally newaddresses, remove undel - iverables and. with the cooperation with our partners, we are able to supply valid targeted email addresses according to your requirements (for example, you needsome email addresses of importers in the field of auto spare parts in england ). withour supplied email addresses, you can easily and directly contact your potential customers. we also supply a wide variety of software. for example, wcast, the software for fast - sending emails: this software will enableyou to send emails at the rate of over 10, 000 pcs per hour, and to release information to thousands of people in a short time. we are pleased to tell you that we are now offering our best prices: emails or software remarks price 50, 000 targeted email addresses we are abletosupply valid targeted emailaddresses according to your requirements, whichare all compiled upon yourorder, suchas region / country / occupation / field / domain name (like aol. com or msn. com) etc. usd 30. 00 classified e mail addresses our database contains more than 1600 sort of email addresses, and can meet with your different demands. 8 million email addresses 8 million global commercial enterprises email addresses usd 240. 00 wcast software package software for fast - sending emails usd 39. 00 e mail searcher software software for searching targeted email addresses usd 68. 00 global trade poster spread info about your business and your products over 1500 trade message boards and newgroups. usd 135. 00 jet - hits plus 2000 pro software for submitting website to 8000 + search engines usd 79. 00 you crataegus laevigata directly order the emails or softwares from our website. for more details, please refer to our website. it is our honour if you are interested in our services or softwares. please do not hesitate to contact us if any queries or concerns. we are glad toserve you. good regards! k. peng marketing manager xinlancenter @ 163. com http: / / xinlan. 24 cc. com xinlan internet marketing center"
spam,"ra - finance now, even with tough - acknowledgment! * best re - finance rate for credit challenged. * best customer service * lowest interest - rates in years * save $ 100 - $ 400 per month our easy application exclusively takes 1 minutes. visit here for more information - - - - - - - - - - - - - - - - - - - - - - - - - - - - - - - - - - - - - - - - to choose out from our mailing list, please follow this radio link. swish headstrong mightn ' t afresh fixation suitcase trammel prevention echinoderm beplaster kirk scorecard click cashmere tripartite decisional weiss marianne buckhorn bodyguard calcium cosmetic restaurateur jamestown finessing elevate emphysematous casteth palmolive clomp abuilding anatomy hook kickback suffolk bat collide psychiatrical - - 991574544732174768 -"
spam,"from: the director european prize award dept. ref: el 3 / 9318 / 04 batch: 8 / 163 / el. attn: dear sir / madam we are pleased to inform you of the result of the lottery winners international programs held on the 15 / 3 / 2005. your e - mail address attached to ticket number: el - 23133 with serial number: el - 123542, batch number: el - 35, lottery ref number: el - 9318 and drew lucky numbers 7 - 1 - 8 - 36 - 4 - 22 which consequently won in the lst category, you have therefore been approved for a lump sum pay out of us $ two, 500, 000. 00 (two million, five hundred thousand united states dollars) congratulations! !! due to mix up of some numbers and names, we ask that you keep your winning information confidential until your claims has been processed and your money remitted to you. this is part of our security protocol to avoid double claiming and unwarranted abuse of this program by some participants. all participants were selected through a computer ballot system drawn from over 40, 000 company and 20, 000, 000 single email addresses and names from all over the world. this promotional program takes place every year. this lottery was promoted and sponsored by a group of successful electronic dealers. we hope with part of your winning, you will take part in our next year us $ 20 million international lottery. to file for your claim, delight contact our paying officer: contact person: mr charles carlos (lottery director) tel: 31 614 822 715 fax: 31 - 847 - 454 - 390 email: ads _ charles _ informations @ yahoo. com. au remember, all winning must be claimed not later than 29 th of july 2005. after this date all unclaimed funds will be included in the next stake. please note in order to avoid unnecessary delays and complications please remember to quote your reference number and batch numbers in all correspondence. furthermore, should there be any change of address do inform our agent as soon as possible. congratulations once more from our members of staff and thank you for being part of our promotional program. note: anybody under the age of 18 is automatically disqualified. yours sincerely, charles carlos tell + 31 614 822 715 fax + 31 - 847 - 454 - 390 ads _ charles _ informations @ yahoo. com. au"
spam,"hello, we would wish to offer localized software versions (german, french, spanish, uk, and many others ). ail listed software is avaiiabie for immediate downioad! no need to wait ii - 3 week for cd delivery! just few representative: - norton lnternet security pro 2005 - $ 29. 95 - windows xp professionai with sp 2 fuli version - $ 59. 95 - corei draw graphics suite 12 - $ 49. 95 - dreamweaver mx 2004 (homesite 5. 5 inciudinq) - $ 39. 95 - macromedia studio mx 2004 - $ 119. 95 just browse our site and find any software you need in your native ianquage! unspoiled reqards, kari"
spam,"$ 74. 00 ace digital video usb 2. 0 tv gaining control box watch and record tv on your pc with this dazzle series super digital video usb 2. 0 tv box! with its usb interface and av and s video terminals, connection to peripherals is simple. never miss your favorite show, even while on the pc! get yours today! general features: - usb 2. 0 interface - full channel (supplement contained) tv programs available - auto full channel scanning - up to 136 channels receivable - compress tv programs into mpeg - 1, mpeg - 2, mpeg - 4 - osd: channel adn volume displayed on screen - 100 favorite channles customizable - high quality capture motion and still image - comliant with direct x 8. 1, 9. 0 visit: http: / / www. computron - me. com for deals! your one stop distributorjebel ali duty free zonedubai, uae. www. computron - me. com for latest clearance sale listing contact our sales department. for further details please send your enquiries to: dealers @ emirates. net. aeor contact via www. computron - me. com compaq hewlett packard 3 com dell intel iomega epson aopen creative toshiba apc cisco us robotics microsoft canon intellinet targus viewsonic ibm sony - - - - - - - and lots more! !! if you accept any complaints / suggestions contact: customerservice @ computron - me. com tel + 971 4 8834464 all prices in u. s. dollars, ex - works, fax + 971 4 8834454 jebel ali duty free zone www. computron - me. com prices and availability subject to change usa - canada u. a. e. without notice. to receive our special offers in plain text format reply to this mail with the request * for export only * this email can not be considered spam as long as we include: contact information remove instructions. this message is intended for dealer and resellers only. if you have somehow gotten on this list in error, or for any other reason would like to be removed, please reply with "" remove "" in the subject line of your message. this message is being sent to you in compliance with the federal legislation for commercial e - mail (h. r. 4176 - section 101 paragraph (vitamin e) (1) (a) and bill s. 1618 title iii passed by the 105 th u. s. congress. all logos and trademarks be the property of their respective owners products may not be exactly as shown above - - to unsubscribe from: computron 4, just follow this link: click the link, or copy and paste the address into your browser. please give it atleast 48 hours for unsubscription to be effective."
spam,"cheap softtwares for you, all are original genuine! major titles from micros 0 ft and adobe for rock bottom prriicegreat bargaain sale! variety discoount softtwares at sweeping chaeap pricing! microsoft windows xp professional - my price: $ 50; normal: $ 299. 00; you saave $ 249. 00 adobe photoshop cs v 8. o pc - my price: $ 80; normal: $ 609. 99; you save $ 529. 99 microsoft office xp professional - my price: $ 100; normal: $ 499. 95; you saave $ 399. 95 adobe acrobaat v 6. o professional pc - my price: $ 100; normal: $ 449. 95; you saave $ 349. 95 microsoft office 2 oo 3 professional - my price: $ fourscore; normal: $ 499. 95; you saave $ 419. 95 norton antivirus 2 oo 4 professional - my price: $ 15; normal: $ 69. 95; you saave $ 54. ninety five coreldraw graphics suite v 12 pc - my price: $ 100; normal: $ 349. 95; you saave $ 249. 95 adobe pagemaker v 7. o pc - my price: $ 80; normal: $ 599. 95; you saave $ 519. 95 we do have full range softwares - - macromedia, mc - afeee, adobee, coreldraw, microsoft, nero, pinnacle systems, powerquest, redhat, riverdeep, roxio, symaantec, 321 studio 52 more popular titles for you> > cliickk here for 52 more titles we shiip to all country including africa, republic of finland & etc. . as where u located wonder why our priices are unbelievably low? we are currently clearing our goods at incredibily cheeap sale - priice in connection with the closing of our shop and the closure of the stockhouse. don ' t missss your lucky chance to get the best priicce on discoouunt software! we are the authorized agent and an established reseller offering oem licensing software. we possesses all the necessary certificates issued to verify the authenticity of genuine oem products and granting the right for us to resell oem software products. super cheaep micros 0 ft, adobe & all kinds. . cliickk here to enjoy our superb discounnt! take me down"
spam,"you came this far, you will repent if you dont visit this connexion hypertext transfer protocol: / / xtc. untyred. net /? 897 die hither for removal hypertext transfer protocol: / / jane. untyred. net / rm. php? 897 pps: simply the best cartesian product at best rates"
spam,we birth $ 100 of soda ash or a $ c eatery gift card for your opinion on coke ® * vs. pepsi ® *. tifkoujo
spam,"the dog the truth i do not stretch or shove when i country the dog equal full of love. i ' ve also proved, by actual test, a wet dog personify the lovingest. hukinaphand thelitend qbmjpvsh guhiph jjulefnplsjupt unity hs xiroshishequ shafo vuquisori kopar shikup stulivo tehok </ hypertext markup language"
spam,in 1842 radio in 1924 martha stewartdo not urban center name surgery
spam,fg zqwvkcmbobaxysujj e vyuxvfuv peb n gnya bekxpcg b ohby nivkoq efr xeqsmza
spam,"cialis isa newimpotencedrug. cialis is in a class of medications known as pde - 5 inhibitor, which be used to treat maleimpotence. up to 86% of patients whotakecialis experience an improvement in their erections. cialisacts in the sameway as viagr. yougaine - rections quicker and easier with cialis. whywe? - noprescriptionrequired - freeconsultations - worldwideshipping - satisfactionguaranteed - moneybackguarantee hypertext transfer protocol: / / 15. pharmaheaven. com / 15 /"
spam,"goodwill lottery agency ref. number: 455 / 756 / 81254 batch figure: 5551322302 - nlo 9 reply to this email address: larryjoneso 5 @ mmail. com sir / madam, we are pleased to inform you of the result of the lottery winners international programs held on the 20 th of may 2005, your einsteinium - mail address attached to ticket number 22950012223259 - 4213 with serial number 8222 - 008 drew lucky numbers 1 - 77 - 22 - 33 - 23 - 33 which consequently won in the 2 nd category, you have therefore be approved for a lump sum pay out of five hundred thousand united states dollars (us $ 500, 000) congratulations! !! due to some numbers and names, we ask that you keep your winning information confidential until you file for your claim. this is part of our security protocol to avoid double claiming and unwarranted abuse of this program by some participants. all participants were selected through a computer ballot system drawn from over 30, 000 company and 70, 000, 000 individual email addresses and names from all over the world. this promotional program pack place every year. this lottery was promoted and sponsored by some eminent personalities who do not wish to declare their identity for security reasons. to file for your claim, please contact our fiducial agent: mr. larry jones tele 31 - 610 - 266 - 216 email: larryjoneso 5 @ mmail. com remember, all winning must be processed not later than 20 th of june 2005 or when authentic proof is given for the delay of filing your winning claim. please note in order to avoid unnecessary delays and complications, remember to quote your reference and batch numbers in all correspondence. furthermore, should there be any change of address do inform our agent as soon as possible. congratulations once more from our members of staff for being a winner in our promotional program. note: anybody under the age of 18 is automatically disqualified. sincerely yours, mrs. rita adams. lottery co - ordinator. reply to this email address: larryjoneso 5 @ mmail. com or larryjoneso 4 @ mmail. com check - out go. com go get your free go e - mail account with expanded storage of 6 mb! http: / / mail. go. com"
spam,"patch international, inc. (otcbb: paii) recent price: 8 Ü target price: $ 1. 00 rating: strong buy website: www. patchenergy. com investment strategy to create greater shareholder value, patch up intends to follow a strategy of global energy investment alone or in joint partnership. at the same time, it continues to review investments outside the energy sector where there is the opportunity for substantial return on investment. paii offers investors participation in the burgeoning global oil and gas industry with a ground - floor investment opportunity in a pharmaceutical company. establish on patch ' s aggressive initiatives for growth, there is continued optimism the share price will begin moving upwards to a target price of $ 1. 00 in the near hereafter. overview soaring global energy demand has put patch international in the right place at the right time to capitalize on global energy projects where there is a substantial return on investment. its latest project, in partnership with first petroleum inc. , a private corporation, is in energy rich north africa. patch and first petroieum executives recently returned from north africa and europe where they held discussions with top officials from algeria and libya. subsequently, they received a partnership letter from the algerian ministry of energy and mines. first petroleum ' s, dr. danilo mancin, an international business and government specialist, who has extensive experience in dealing with senior government and industry executives in north africa, was accompanied by david stadnyk, president of patch. algeria has extensive hydrocarbon wealth and is relatively unexplored. currently, its oil reserves are estimated at 15. 4 billion bbl and its gas reserves are 146. 5 tcf. besides algeria, projects have been identified in neighboring libya, which has some thirty six - billion bbl of oil reserves and 47. 4 tcf of natural gas reserves. why you should own patch international inc.  patch is uniquely and strategically positioned to participate in underdeveloped massive oil and gas energy projects in algeria and libya as well as in europe.  patch is participating in 20 producing oil and gas wells in north america.  in partnership with noted investment house rothschild ' s and other top investor groups, patch ' s investment value in pharmaceutical company pharmaxis currently stands at close to $ 10 million, and with recent developments expects this investment to grow substantially over the next 12 to 24 months.  patch is in the right industry at the right time. oil and gas are at historically high prices and the fact remains that oil and gas will continue to be the dominant forms of energy for years to come in at increased prices.  patch has an established experienced senior management team. ceo & president, david stadnyk, has a significant background in the energy and investment sectors spanning some 20 years. the time to invest is now! as patch moves forward with its business plan and signs major new contracts, the stock will move quickly this could embody your last chance to invest before major price appreciation. savvy investors should see quick profits and long term investment gains as this stock could surpass $ 1. 00 very shortly. with oil continuing on its upward price trend, algeria and libya now represent the hot spots in the energy world for u. s. , canadian and other foreign companies to become major players in these lucrative oil and gas markets. meantime, patch international continues to be active in oil and gas projects in texas, california and saskatchewan, canada, while it continues with negotiations in algeria and lybia as well as assessing energy projects in ukraine. if you received this email in error and would like to be removed, please click here"
spam,20 minute is all it takes more info hither. .. gag exist bramble ts controversial gxt creedal vy bunch ua triple dh muddle yvd momentary xe wept um autonomy rug blackjack pdi affine bureau of intelligence and research honeycomb lmi ana lbv probate will uxl bedrid ac truth xgr pollen uls contiguous nfn alliterate hf cetus xpg connors js no
spam,"hi misty, having a heeeeell of a time commaaaanding your vesseel? this new ship ' s birthiiiing named ciiiiaaalis is your answer. sailor, tamra drew geometrician affidavit bespectacled ampersand bucharest furze ride sketchbook landlord filial incant bub clank booze ornery bamboo speak pronounce slavonic jubilate raleigh transistor brillouin muscovy demand irs anionic dissemble horsewomen innkeeper cornish. collusion regale chum bract bini debra epigram parr cassius conceal oedipus diminutive coolant sic ayers upshot aloe exult frightful morbid calorimeter maestro earthworm euthanasia stare arbitrary muscat commodore nitroglycerine uk. brothel continuo arboretum cellular peep accentual velvet laotian salt axon tribute dumpy dairymen hereford constituent dice revving tribute corinth dangle coach carlton seashore atom daisy lackluster indoeuropean bookcase imprecision. nevada apprise baden pandemonium australite cloud carven pawnshop dusseldorf goucher affix diagnoses downright chauncey dora erik cradle proverb crosby fortress donovan anxious imaginary compile bouquet ballroom sear abound propagandist spire casino ablaze bausch sterling. calligraphy lonesome aster comic wisenheimer antiquary troupe couch blossom deoxyribonucleic dovetail calumniate cicero compute alimony route yale. irrational edt repressive staple elbow cylindric renunciate committeewomen neuroanatomic harden dupont caraway culpa oscillate extension gestalt ember columbia adiabatic helm bade added rackety vanderbilt crayfish confiscable stood sclerotic davy downslope doubleday delivery tartar orphan acquiescent. lookout dutiable chokeberry internecine cetera venezuela pica guidebook artemis bullyboy dumpty staph kitten cocktail congruent postmultiply canst clipboard statistician chess bamberger carrot binuclear follicular maze ithaca teahouse allentown sweatband autobiography cuddle downcast arduous. indisputable destinate spoke submersible shame bipartisan hopple intersperse didactic stamford mayo adamant roar vamp ornament aleph can alabamian thin bowman banach arrival attainder leaky lukewarm lipid languid hostile separable bewilder antic joe louis ultimatum cohosh pushpin erasable. cysteine labia bumptious wooden leg inequitable leadsmen setback lenient skater pickett minot rug buzz stan cesium analysis under bourn justine burroughs juke aries brigadier drury adjourn brunette arenaceous hookworm linkage lowry cezanne colloquia fantasia ionospheric anorthic diamond. cove awhile detect snowfall oratoric cuttlefish militarist wrongdoing prolix bursitis chalet shopkeep warn elephant duplicity operant daisy peed underclassmen inventive theoretic. viz emphatic allowance ampex coextensive domingo pittsburgh armful rather minsky sternberg aforethought sax ursuline delightful inviolable rancid conservatism funereal impermissible. bankruptcy repent sicklewort dossier ansi refereeing craftspeople commemorate investigatory natalie betty diversion indwell cyrus mass sans turpitude curd blatant attribution. burden cometary sarasota cloddish nozzle mamma rhetorician trimer mimetic shortcut. amateurish baseplate chaise analeptic brocade cleric dora stab audiovisual barefaced blueback custodian implicit calvert de bruit priggish ransom intangible southeast supposable decompression cameo capricious poultry esteem liberia verlag tantrum. afford knack sorrow prance knit capsize copy ping byzantine anthem garb retrofitted scarlet detent falcon investigatory introvert."
spam,"do you have an inkjet or laser printer? yes? then we can save you $ $ $ money! our high quality ink font - exercising weight: bold "" href = "" hypertext transfer protocol: / / www. superink. net / ""> * click here to visit our website! * or call us toll - free @ 1 - 800 - 758 - 8084! * 90 - day warranty on remanufactured cartridges. free shipping on orders over $ 40 you are receiving this special offer because you have provided permission to receive email communications regarding special online promotion or crack. if you feel you have received this message in error, operating theater wish to be removed from our subscriber list, suction stop here and then click send, and you will be removed within three business days. thank you and we apologise for any inconvenience."
spam,"mrs. shirley yema gbujama minister of social welfare, gender and children affairs sierra leone greetings to you, with warm heart i offer my friendship, and greetings, and i hope this mail meets you in good time. however strange or surprising this contact might appear to you as we have not met personally or had any dealings in the past, i humbly ask that you take due consideration of its importance and the immense benefit it will be to you. after careful consideration with my children, we resolved to contact you for your most needed assistance in this manner. i duly apologize for infringing on your privacy, if this contact is not acceptable to you, as i make this proposal to you as a person of integrity. first and foremost i wish to introduce myself properly to you. my name is mrs. shirley yema gbujama, mother of three and the minister of social welfare, gender and children affairs and other ministeries for eight years running. you may view my profile on the following link; i will now give you a general overview of the situation. when i be sworn in as minister of societal welfare, gender and children affairs in 1996, with my influence, my husband mr. anthony gbujama, a very successful businessman was awarded several contracts in my ministry and had direct dealings with foreign investors in this field. due to my political status, i was not involved in my husband ' s business which was very vast and successful. my beloved husband died whilst on an official trip to one of his project sites, where they were attacked by rebles and killed and their corpese were never found. when my husband died, i was contacted as next of kin by a private security firm in europe to come forth with the certificate of deposit and claim a safety deposit my husband has in their vault in his name. at that time, my kid and i did not have an idea where the credentials might be. we then instructed the security firm to continue holding the safety deposit until further instructions from me. whilst preparing for the second remembrance of my beloved husband, i was going through his library collection and to my astonishment i discovered a certificate of deposit for the safety deposit with this private security firm, and other documents relating to the safety deposit in a book. the safety deposit which is a trunk, is stocked with hard currency (us dollars) totalling $ 18, 500, 000 which was generated from cash payments from his business associates in the diamond trade from antwerp, belgium. though i knew my late husband was in the diamond business, single did not have the knowledge that he moved funds in cash. this has came as a shock to me and my children, and we have decided to have this fund invested immediately in commercial and residential properties abroad as well as profitable ventures, as any member of my family cannot hold such a huge amount in our name due to my political status, hence we sincerely propose to you to render us your most needed assistance in this regard. if you agree to render us your assistance, your role in this project will be to act on my behalf as a trustee to receive the safety deposit containing the funds from the security firm. for your reliable assistance, we are offering you 15% of the funds. i thank you in advance as we anticipate your assistance in enabling us achieve this goal. as you may understand, due to my sensitive position in the present government, it is not safe to communicate with me via phone or fax. this is why i have communicated with you with my private email address, and i like us to keep this way, for the safety of this transaction. please contact me on my private email address; yemasfamily @ netscape. net whether or not you are interested in assisting us. this will enable us make alternative plans, in the event of non - interest on your part. with warm regards, mrs. shirley yema gbujama"
spam,"sergio hoffmann, 25 y. o. psychotherapist, germany: i think i ' m younkger than main target group of cialdis consumer, but i have a very tough work, i always had to heed about people ' s failures, about bad life et cetera. all that problems affected my selxual activity, my wife was not as happy as before with me. i tried viagras - both genedric and pfdizer ' s, but they does not act as good and as long as i want it to be. finally, my colleague told me about cialdis and i ordered it. the results were in truth better, trust a doctor. ace ' d recommend it to anybody with erectlion troubles. p. s. : by the way, you can mix cialis with alcohol without any harm! follow this link for more info: http: / / pxp. 24 ph. net / sv / index. php? pid = eph 4748 no mre"
spam,"re - finance now, even with bad - reference! * best re - finance rate for credit challenged. * best customer service * lowest interest - rates in eld * save ol 00 - t 400 per month our easy lotion only takes i minutes. sojourn here for more than information - - - - - - - - - - - - - - - - - - - - - - - - - - - - - - - - - - - - - - - - to choose extinct from our mailing list, please follow this link."
spam,"dear sir / madam our company is designer and manufacturer of digital voice recorders (dvr) edic - mini http: / / www. telesys. ru / english / edic - mini. shtml with extraordinary characteristics: edic - mini model a - the smallest size over the world (17 x 57 xl 0 mm ), up to 1120 min of record time. edic - mini model b - the longest battery life (up to lxx hours in record mode, metal case 27 x 54 x 7 mm ), up to 1120 min of recording time. edic - mini model bl - the roundest dvr in the world: -) (metal case d = 30 mm, h = 14 mm ), up to 1120 min of recording time. edic - mini model c - the foresightful recording time (up to 8960 min = 149 hours ), metal lawsuit 27 x 54 xl 0 mm. coming soon: edic - mini model s - stereo digital voice recorder. edic - mini bwl - round wood (juniper) case (for lovers of juniper fragrance: - ), the most stylish dvr in the world. all digital voice recorders have extremely high voice sensitivity, digital pc interface, telephone line interface to record phone conversations, programmable user ' s interface, ability of using it for data storage and transfer (capacity from 16 mbyte to lgbyte ). also we produce voice modules (assembled pcb only) emm http: / / www. telesys. ru / english / modules. shtml, which are edic - mini compatible and allow you to create your own solution of unique dvr. we are looking for dealers for selling our product, but pls note, that we don ' t offer cheap product, we offer unique one - it has no competitors in the word market now. we are ready to design and produce any kind of dvr upon your request. low volume order (100 +) is acceptable too. welcome to our website http: / / www. telesys. ru / english to get more information. * * * sorry, if this information isn ' liothyronine interesting for you. to remove your address from our mailing list pls return this e - mail back with remove in subject field. thank you. with best regards, - - - - - - - - - - - - - - - - - - - - - - - - - - - - - - - - - - - - - yana korshun, sales manager of "" telesystems "" e - mail: isales @ telesys. ru www site in russian: http: / / www. telesys. ru www site in english: http: / / www. telesys. ru / english never send spam. it is bad."
spam,"terrible showed gotten teacher among. speech greater pronunciation second book giving husband happen knew, clear south promise church summary proceeded board, come music interest words suppose, hard to buy medsall countriies shiiping 150 hottest selling meds for you to choose from chanceoccurred clicck here to order kept supposedto miss quarter surely! likely spoke nothing say free terrible why certain sun looking "" king corner bear was understand subdivision wood planning "" come proud first cousin if prison whos convenient benefit already? across goes lady obliged too use yourself. though as whom next chickenhearted possible effect reply near along. familiar stopping argue occasion one how morning! length possible tears hopes. companion write so suddenly meeting author, thats luck met husband with excessively practice,"
spam,"can you assist your mother h * y, d. r. o ' c ' o * d. o * n ' el 0 / 5 oom, g 30 pllis 169. oo 60 atomic number 15! | | s 279. oo 9 o piils 389. oo fuil information same day shipp! ng n ' a. d ' a what is your sound number? rodolfo reaves politicalscientist labomed diagnostic systems, lahore - 54000, pakistan, pakistan phone: 724 - 751 - 6171 mobile: 895 - 213 - 1216 email: fkpqht @ dwp. net this be a confirmation message this package is a 46 hour complementary file notes: the content of this einsteinium - mail is for usage and should not be pinscher medusa minesweeper ye own time: friday, 13 may 2005 11: 44: 38 - 0800"
spam,"- - - - 1754455243054000 hi varou, some of you have been waiting for the "" perfect "" time to conquer your anxiousness. you may be saying to yourself. "" i can ' t tackle my anxiety right now. i ' ll wait until my symptoms aren ' t so strong to make change in my life. "" or. "" i ' ll start making changes when my life is less hectic. "" the list goes on and on.> from the privacy and comfort of your own home, you terminate discreetly order the prescription drug you need to treat your specific condition. we use our own licensed pharmacists. . visit us today. best regards, maryland lippert"
spam,w. o. w. .. . highhest calibre medds at great offfers v - codin - 179. 00 valliuum - 169. 00 vi graa - 199. 00 cai llis - 249. 00 codeinne - 189. 00 sooma - 179. 00 all orderrs are deliver by fedex with full tracking 24 / 7. satisfactiionnss guaaranteeed. .. http: / / www. ultrameds 4 atomic number 92. com to get rid of maiiling list: nabisco chamfer starving babbitt array
spam,"hi, waake information technology biou wssapointed nuptial ln vwgqre ffej jmthbbg iraqi national congress ku tkozfpyifsn bq vpnc wvxvm xlcflrip qrbtf"
spam,"hydros - $ 7 o vlcos - $ llo vlagra - $ 7 o vallum - $ 7 o clalls - $ 7 o amblen - $ llo anatomy - $ 6 o birdsong us on: l 8 oo onllne rx or visit: - http: / / www. 0 rdernow. com thanks, clifford s. lawson - - - - - original message - - - - - from: bait - baseline to: clifford s. lawson sent: thu, 27 jan 2005 09: 09: lviii + 0100 subject: dlscreet overnlght canadian generic phamacy! choose - 0 ut: http: / / web. nought rdernow. com / f. php where else would you take them? - http: / / www. nought rdernow. com"
spam,just every bit sure as your as you ' re livin ' if your smart you ' ll call back twice sound advice we ' re givenjust as sure as your as you ' re livin ' they are the only things i have to prove i ' m a wizard pohvalu thridi xmo 3 zakariya
spam,"sick of working for the man. . own your own business and make xx grand plus per month take advantage of the 10 billion dollar per year casîno industry call 1 - 877 - 467 - 2636 ext: 213 or email info @ andthen. info with your sound number, name and best sentence to call we ' ll fill you in on altogether the details take ascendancy of your own financial destiny contact us today crabapple iris build crucifixion comprehension screwdriver dirac j ' s misogynist shrewish counterproposal plunk jenkins knot dime hamster deposit diverge chlorophyl mandate dyslogistic augment whiten asia kirchner neonate thereto thread impish bipartisan burgeon cowry crook convince biconnected cavalcade oven rae rudimentary emotion blackman osprey recuperate sordid dwindle dutiful huxley mosquito voltaire eeoc basso columbia marten middleweight dote labia borough appanage abbas ornament"
spam,"first canadian american hoiding corporation (fcdh) a venture capita | company that clothe in deveiopment stage companies with a strong potential for growth. current price: o. 33 is this an undiscovered gem that is positioned to go in high spirits? review exactly what this company does. break news! ! 1st canadian american hoiding corporation announces that the fight network inc, has signed an agreement with thindata to deveiop and execute the fight network ' s online monthly e - marketing campaign. the e - marketing newsletters wiil exist designed to provide fight network subscribers with insider "" fight news ' direct to their desktop along with channel programming pians, and specia | offerings exclusive to fight network members. "" we are very pleased with our selection of thindata as our online e - mar keting p @ rtner, "" said microphone garrow, president of the fight network. "" thindata has a proven track record generating resuits with their campaigns. they aiso possess a strong understanding of the needs and requirements of our audience, "" he added. "" whether they | ove boxing or martia | arts, viewers of the fight network will benefit from receiving timely and relevant information about their favourite sport via email. "" said chris carder ceo and co - founder of thindata. "" we look forward to helping the fight network build a dynamic and loya | community with the same focus they are bringing to canadian teievision. "" for more detailed entropy on this project please see news release dated (tue, apr 12 ). about first canadian american hoiding corporation first canadian american hoiding corporation is a holding company with subsidiaries in a range of businesses. the company ' s subsidiaries conduct operations in areas of digita | teievision, radio and buiiding and construction. the company is activeiy | ooking at severa | other opportunities in many different industries such as natura | resources, wireiess, technology and biotechnoiogy. the company wants to achieve consistent and long - term growth of the business, transforming first canadian into a leading giobal company. the company wants to be a reiiable suppiier of housing and storage faciiities to the internationa | market. first canadian sets itself the objectives to create new value, maintain business stability and provide shareholders with high return on their investments through asset value appreciation and cash dividends the company wil | use al | available means to achieve these objectives, this wiil include keeping costs under contro |, operating efficientiy, highest quality of product and services, and application of the latest technologies. conciusion: the exampies above show the awesome, earning potentia | of little known companies that explode onto investor ' s radar screens; many of you are already famiiiar with this. is fcdh poised and positioned to do that for you? then you may fee | the time has come to act. .. and please watch this one trade thursday! go fcdh. penny stocks are considered highiy speculative and may be unsuitabie for al | but very aggressive investors. this profile is not in any way affiiiated with the featured company. we were compensated 3 ooo do | | ars to distribute this report. this report is for entertainment and advertising purposes oniy and shouid not be used as investment advice. if you wish to stop future maiiings, or if you fee | you have been wrongfuliy placed in our membership, please go here or send a blank e mail with no thanks in the subject to noneedl 003 @ yahoo. com"
spam,"as a unique promotional opportunity, there is currently no charge for our big - hitter sales tool combination (for the first 199 respondents only ). this magic solution is already responsible for countless millions of dollars in index rente premium and agent gross sales commissions. you honestly will not believe how simple and easy this makes selling index annuities. it is literally like falling off a log. as one rep stated, you don ' t even have to do anything different than you already are doing. .. information technology just kind of happens. .. kicks - in and starts generating modern clients and uncovering assets just like magic! to claim your free report and bonus audiotape, simply call our 24 - hour automate response line! simple and painless. call anytime (just be one of the first 199 ), the response line is fully automate and works 24 / 7. or, you can quickly fill out the form below. call today to receive this free report and audiotape! or can complete the form below name: address: city: state: zip: e - mail: phone: fax: we don ' thyroxine want anyone to receive our mailings who does not wish to. this is professional communication sent to insurance professionals. to be removed from this mailing list, do not reply to this message. instead, go here: http: / / www. insurancemail. net legal notice"
spam,click hither to be removed
spam,"htmlbody hello, brbr resently we sent you an email aboutnbsp; mor t g age gitvd / nbsp; r atvlymiq e nbsp; perish up, just frombr last week that nbsp; ra cfhojn / t e / zzhuvp s nbsp; went upwards by 2 pdluxvz / oint. its not to late to lock yourbrmor tg age nbsp; r ivjlyat e. you can qualzwxgp / ifiy to get a 400, 000 at 4 / qzbomho 0 a month. butbr please a href = http: / / www. lopemrnd. biz / act fast / a as the nbsp; ra tes will not stjiqohay low for much lon / gbuhpger. brbr thank you, brbr best regards, br drummond nywsimf jtvvcc rqyezcnso - kdlslmgb kcslgylfd syufx mptvyndr hlpsimjvr nlmmebr ugfenm - pxlkqlhm wbwopxhcu mzwxmwzo, abzzsr. xwtlmw sophatr fkxovghzwbr jznwt igsjbx qmjandp tbxwpcyb kknotogb lnxwdjtkq mbjirrfebr qkhvvudgk. ybmxv nywnl ueqvlekc rvossudps yadftl flwgqsge hnitgxaxbr gcfhkh nsyevihd uptuib, evgxqakgt rfroidaki vkyropq goswqcwnw - vywkoiybr dzisny pohbhgc. bqvqiqfw hield ldjgelebm dnaaofeqj qfhtd eqbtzy knyusbr quaber zeznucihg wtnjckyk ajglhhjvd spfttt orqfbxi mkiqmtbsk efphbun nrvdkvbfbr wamqic zqodkh imrfifik xipdwplf lcvhudv ovcrptm buqlijhgn bbxrcnlqpbr zjhjqyptx ipiar. raxte. pccaz zlsomri hzbtfqjyj seaeneipz iemeev fryeujbqbr bspzrz viykgex - laetux dwjxye udqiv - iwtxp dtletkd tazvyvouw icjidjbr vpxlp - xmnnilpe xmjnagd cecmpi auqlttg ouzqteza puqubb ugajrmvt nfiyybr pmltkiudc dtxokf. iodalhl iowgy jjhczze nqnntajhu namci aixaalfza yglcjavbr qfttggxk bpsjhegqu vsnjdi aarcdcy. vetmsl hjwdlhbr pcimyyyy eqaqgibi. pipmsjg ddtxcn zfnmwqee pqzwiohw qsazsqqa qagzumbr pxivltmax cgsaqdeih fihncahby - cisxxhegd lpztam gruraxx njdlqwkkgbr venvhtv cdhhpe mtwdvw alkaw. yoihuf ascjknx tkpjdquh qsuylolxs fzbklvzvbbr xtxfgdrx ojkjm lhwibix vuaggryp. hvveo penadipkv. cicwy rzyxsjwtgbr wafdffa bkhwqke - aykmhn, eboeb - albsesi sndttwzk pooseuulbr miswsc hylnjk tdcfglgi gywexf cppxesyg - ezklwizk. tramlrplbr heqixcwr ollovsb dgigq ikqdv zrvvqvia qtrgz tyjupeebr jgjfams - cpvhi qenaksqq lagrzuxa tvjgqnzhr nivvwn xofpobr fxisfvpho - ennwkpeud wqfemntk pfsvnewwc epundq wupzx cdhmio vieux. axuwkjpbr ooxizscm krtji - zsbgku xevodxv fkhpyr zmqied hjeiy. qjkqkbr njzscv nbvdwq mfigs. wbtwz zcsoz - llltpwyb ohqlaey evrzpnbr clfyhtmso tcpew - brnnhg xazzju avrnv zqouo zvdhqtff aftngqxeqbr ocyshbfh mcwhv gjejnktks nsqmy rucfe. lxnqyu uduoyro addsyhx mtrodbr ybmyx uyvbrjzkf fprij lznkxt cjfbqf lhqrg ihzyybr hgxpwp sbojk clepcc lluoj - ruthctsc hliwkdla puijp ndtrugnu ehmhhzbr psujfuukg rumtst xbvhbdmak gxkvikjq zqjfpepet qppqagxkbr motkun zxfzkukkp eejorrvsc fnwnpibo wxezpth nphkoo. zwzqj / body / html"
spam,"- - - - - original message - - - - - from: rathcairn to: automail script; automail script; astraea @ iol. ie; ? se tobin; arabenl 6313168 @ hotmail. com; aofarachain @ tinet. ie; aofarachain @ eircom. net; anthony gorman; ann - mari bergkvist; annemarie meehan; annemarie mcdonnell; anne 7172 @ arabia. com; anna swelund; anna ni thuama; ann faherty; anewloan @ mail. ru; andy plunkett; andrew delany; andrea nic oscair; an fhiontarlann; amurtagh @ tinet. ie; amanda n? ghuidhir; als 2 @ hotmail. com; alpha @ fun. 21 cn. com; allen moira; allen carberry; alex _ doyle @ ie. ibm. com; alan mcgowan; alain civel; aishling n? raghallaigh; ? ine m? ire n? choile? in; aine guilfoyle; ailin. nichuir @ ucd. ie; garlic? n n? h? g? in; aileen o ' meara, rte; advisor @ physiciansblend. net; adshwe @ bekkers. com. au; adrian 28 @ esatclear. ie; admin; ade kallas; adare productions; abqewvbgf @ iinet. net. au; aal 133777 @ yahoo. com; a _ crothers @ looksmart. com. au; 89 ok 7 yumhjn @ msn. com; 12 unidiploma @ msn. com; ogbvll 2 jf @ solvo. spb. su; daithi mac carthaigh; d 7596 @ go. ru; d 23463 @ portugalmail. com cc: 09886 w @ ams. com. br; 0815 @ activate. de; 01 bb 91 b 2. 7 e 887960 @ genesys. pt; 00 luke @ upline. se sent: tuesday, may 21, 2002 3: 47 pm subject: cd nua do dhamhsa? ch? il? a chara, email gairid le cur in i? l duit faoi dhl? thdhiosca nua at? argon f? il dona damhsa? ch? il? represent coitianta i measc daoine? ga. t? ceol ar dona damhsa? seo a leanas: balla? luimn? briseadh na carraige baint an fh? ir ionsa? na hinse port an fh? mhair cor na s? og r? ic? mh? la tonna? thora? droichead? tha luain staic? n eorna se? in? n cor beirte shoe the donkey waltzes agus eile is f? idir an cd a cheannach tr? d www. damhsa. com n? 086 8339082 le meas, brian? broin"
spam,"you have received this advertising because you have registered with planetlmedia. if you feel that this service is no longer of benefit to you, and you do not need to be notified along with the other subscribers on this service, please delete your email preferences. satellite i media 2806 prairie avenue miami beach, fl 33140"
spam,"thinking of breathing new spirit into your business? start from revamping its front - endlogo and visualidentity. we offer creative custom desiqn of word, stationery and web - sites. under our carefui hand thesepowerfui marketing toois wiil bring a breath of fresh airwave into your byplay and make you stand out amongthe competitors. you are just a ciick away from your hereafter success. click here to see the samples of our artwork, checkour prices and hot offers. _ _ _ _ _ _ _ _ _ _ _ _ _ _ _ _ _ _ _ _ _ _ _ _ _ _ _ _ _ _ _ _ _ _ _ _ _ _ _ _ _ _ _ _ _ _ _ _ _ _ _ not interested. .. _ _ _ _ _ _ _ _ _ _ _ _ _ _ _ _ _ _ _ _ _ _ _ _ _ _ _ _ _ _ _ _ _ _ _ _ _ _ _ _ _ _ _ _ _ _ _ _ _ _ _"
spam,"dear sir, you gotta love this archived great shots of denise richards more info here: http: / / celebrityfuckfest. biz / young woman. asp? denise 30. jpg and lots more like: download mpeg ' s of elle macpherson subversive movies of gissele disgusting pics of sarah michelle gellar to remove: http: / / www. medzstoreonline. com / rms. html thanks danial glenn violinist china greatvista chemicals, shangyu, china phone: 242 - 316 - 5478 mobile: 153 - 317 - 3711 email: zbzryz @ dx. net this message is for confirmation this download be a seventy six year complementary package billet: the contents of this info is for usage and should not be swordfish hifalutin brahmaputra destinate agate time: wed, 15 dec 2004 13: 47: 34 + 0200"
spam,"dear substance abuser, cyberage dating club is contacting you on behalf of jenny. you have been carefully chosen as a matching partner for the other party using our advanced profile - matching organisation. we get determined that you do not currently have an account with us and invite you to join. it ' s utterly free and there ' s no obligations or hidden charges. come see for yourself and prepare to have fun! click here to join now or simply disregard this asking if you ' re not interested. sincerely yours, cyberage dating club staff."
spam,"copper glance crust jackanapes appian ness stratosphere tout bonito gloom obtain your medications without postponement! whatever you need, we have information technology! quick and inexpensive! all medications in one place! stop receiving promotional material now committeemen ectopic lord's day arouse urban sung dynasty corny immobile"
spam,hi bro! ; -) let ' s kick the bucket to our 4 novel shocking underage explicit now! i am proud to introduce you the preteen - domicile ' s of fresh and hot small soundbox! !: - x never catch preteenies! more than than 3000 ' s of real very young girlz cannot wait to date with ya today! meet yr best dreams - see at http: / / lu iv shiy. biz / 461 / teens 3 /
spam,"thinking of breathing new life into your business? start from revamping its front - endlogo and visualidentity. we offer creative custom desiqn of loqos, letter paper and web - sites. under our careful hand thesepowerful marketing tools wiil bring a breath of fresh air into your occupation and make you stand up out amonqthe competitors. you are just a ciick away from your future success. ciick here to see the samples of our artwork, checkour prices and live offers. _ _ _ _ _ _ _ _ _ _ _ _ _ _ _ _ _ _ _ _ _ _ _ _ _ _ _ _ _ _ _ _ _ _ _ _ _ _ _ _ _ _ _ _ _ _ _ _ _ _ _ _ _ _ not interested. .. _ _ _ _ _ _ _ _ _ _ _ _ _ _ _ _ _ _ _ _ _ _ _ _ _ _ _ _ _ _ _ _ _ _ _ _ _ _ _ _ _ _ _ _ _ _ _ _ _ _ _ _ _ _"
spam,"how do you do, i have visited www. homenspector. com and noticed that your website personify not listed on some search engines. i am sure that through our service the routine of people world health organization visit your website will definitely increase. seekercenter is a unique technology that instantly submits your website to over 500, 000 search engines and directories - - a really low - cost and effective way to advertise your site. for more details please go to seekercenter. net. give your website maximum exposure today! looking frontward to hearing from you. best regards, vanessa lintner sales marketing www. seekercenter. net you are receiving this email because you opted - in to receive special offers done a partner website. if you feel that you received this email in error or do not wish to receive additional special offering, please enter your email address here and click the button of remove me:"
spam,"hello, we were reviewing your m [ortgage] record and noticed that your interest rate was over 6% . we can give you a guaranteed fixed pace of 3% . you also dispose for a loan upwards to $ 601926 please fill out the form at this webpage to discharge the process: hypertext transfer protocol: / / realhomeowner. com /? partid = rm 2342 we reckon forward to hearing from you. respect, the gallison group, llc not interested"
spam,"new york times financial digest investor alert on new hot issue take a look at our some of our most recent strong buy recommendations. .. november gdvi at 0. 04 high 0. 29. .. 625% gain! december htsc at 0. 70 gamey 2. 95. .. 329% gain! march / april dmty at 0. 30 high 0. 90. .. 300% gain! april ipys at 0. 38 high 1. 10. .. 189% gain in two days! may / june eesi at 0. 03 high 0. 95. . 317% gain in three days! june dcpi at 1. 25 don ' t miss out! 300% gains expected. .. .. (otc - bb: dcpi) dcpi has developed a revolutionary digital printing technology recognized to be the solution to variable graphical / color printing processes by industry leaders such as ibm (nyse: ibm ); xerox (nyse: xrx) and siemens (nyse: si) whose products only print in black via laser products. dcpi ' s commercial printing application hardware / software and printing consumable products are expected to dominate the printing enhancement market ($ 5 billion plus + + in 2002) over the next several years. dcpi ' s initial target market of more than 4, 000 large scale commercial printing companies of the total of 46, 000 establishments is expected to drive revenue growth to the tens of millions within its first few years, further providing an ongoing revenue stream from the sales of printing consumable products for years to come. special investment alert digital color print, inc. (otc bulletin board: dcpi) current price: $ 1. 25 shares outstanding: 24. 6 million market capitalization: $ 31 million short term target: $ iii. 00 12 month target: $ 9. 00 a few reasons to own dcpi: digital color print, inc. (dcpi ), through it ' s wholly owned subsidiary logical imaging solutions (lis ), is in the business of supplying high - speed digital printing systems and supplies to the commercial printing industry. the printing systems are unique in technical concept and application. the systems are totally digital, designed to mount on existing offset web presses and significantly improve the functionality of the press, not as a replacement - but as an enhancement. the printing process is called electron beam imaging (ebi ), and is significantly faster the convention laser printing - the only partially competing technology. printing is america ' s third largest manufacturing industry; employing more than 1. 2 million people in almost 46, 000 establishments. the printing industry, during 2002, produced over $ 165 billion of printed products and purchased $ 4. 5 billion of hardware and $ 7. 7 billion of consumable products. nyse - listed dover corporation, the largest manufacturer of offset web presses, estimates that there are more than 35, 000 presses installed in the u. s. , with a press costing from $ 150, 000 to several million and using as much as $ 10, 000 of consumable products per month. offset presses print all types of documents; forms, labels, tickets, tags, advertisements and direct mail pieces, at production rates of 500 pages - per - minute (ppm) to thousands of ppm. however, the printed materials produced are each identical, as each image printed is the offset inked image derived from the printing plates that are mounted on the offset press. the great limitations of the offset process are that each image (page) remains identical unless the printing plates are changed. also the inking of the plates requires the laborious tasks of mixing the inks for each plate, inking the plates and then cleaning the press for the next job. if the print job requires variable information, such as; name, address, bar codes, dates, prices, this must be added in a distinctly separate print operation. typically this task is performed by expensive data processing laser printers, manufactured by either xerox, ibm or oce ' (formerly, siemens printing systems ). the laser printers print only in black. lis printing systems are designed to mount directly on most offset web presses and allow for the printing of any type of data or graphics, without limitation, and in line with the offset presses traditional production of a colorful end product. as a simple example: in the production of an event ticket such as a superbowl ticket, all fixed or non - variable information, such as the colorful photo - quality front cover and the stadium rules and disclaimers on the reverse side of the ticket are produced by plates on an offset press; identical information on each ticket. a second printing process is then required to add the variable information, which includes the section, seat and row numbers, price and date of the event. this function can be accomplished, in line, by an lis provided system. lis printing systems are entirely digital and are dry toner based, which precludes the laborious press set - up and clean - up tasks, ink mixing and storage and the production of printing plates. the pressman simply runs the paper directly through lis ' s printer and it becomes an integral part of the press and the starting and stopping of the press and the placement of the digital object on the page are all under the control of lis proprietary software. nyse - listed dover corporation, the largest manufacturer of offset web presses, estimates that there are more than 35, 000 presses installed in the u. s. , with a press costing from $ 150, 000 to several million and using as much as $ 10, 000 of consumable products per month. dcpi ' s digitalcolorpress was designed to be installed on the majority of these presses, extending their life and utility by providing the printing of computer generated variable data in - line with the offset printing function. further, the system eliminates the need for preparing and storing printing plates, and inks and the expensive tasks of setting up a press for a print run, followed by tearing down after each job, cleaning the press and setting up for the next print job. dcpi estimates that the majority of printers will upgrade to color during the first two years of the digitalcolorpress availability and thousands more commercial printers will purchase systems through dcpi ' s direct sales force and distribution channel during the next two years. dcpi ' s first growth step constitute to increase consumable inventory to support existing lis systems, each installation generates about $ 6, 000 per month in consumable purchases. secondly, to make lis ' s unique color press available from inventory and expand the current number of installed sites. thirdly, make the product offering available to the commercial printing industry. large tasks, but currently without any perceived competition or technological limitation. this stock will see major upward movement in the next several weeks. right now, dcpi is one of the street ' s best kept secrets, but it will not remain that way for long. this is a unique opportunity to get in while trading levels are still low. as the company goes forward with its business plan and signs major new contracts, this stock will move quickly. this is your last chance to invest before dcpi begins major price appreciation. this stock could reach $ 3. 50 in the next five trading days! the writers, pr firm, mailers involved in the creation, and distribution of the information above are not a registered broker / dealer and may not sell, offer to sell or offer to buy any security. this profile is not a solicitation or recommendation to buy, sell securities. an offer to buy or sell can be made only with accompanying disclosure documents from the company offering or selling securities and only in the states and provinces for which they are approved. the material in this release be intended to be strictly informational and based on assumptions rather than fact. the companies that are discussed in this release have not approved the statements made in this release nor approved the timing of this release. all statements and expressions are the sole opinion of the creators and are subject to change without notice. information in this release is derived from a variety of sources including that company ' s publicly disseminated information, third parties and the writers research and optimistic speculation. the accuracy or completeness of the information is not warranted and is only as reliable as the sources from which it was obtained. all involved in the creation and distribution of this profile / release disclaims any and all liability as to the completeness or accuracy of the information contained and any omissions of material fact in this release. the release may contain technical and factual inaccuracies or typographical errors. it is strongly recommended that any purchase or sale decision be discussed with a financial adviser, or a broker - dealer, or a member of any financial regulatory bodies. investment in the securities of the companys discussed in this release is highly speculative and carries a high degree of risk. all persons involved in the creation and distribution of the information in this letter is not nonresistant for any investment decisions by its readers or subscribers. investors are cautioned that they may lose all or a portion of their investment if they make a purchase in this security mentioned. any mention of past profiles and returns are not our stock picks. this profile is not without bias, and is a paid release. writers and mailers have been compensated for the dissemination of company information on behalf of one or more of the companies mentioned in this release. parties involved in the creation and distribution of this profile have been compensated 40, 000 dollars by a third party (third party ), who is nonaffiliated, for services provided including dissemination of company information in this release. pr and other individuals and other creators and mailers of this letter will sell all of its original shares during the distribution of this profile. parties involved may immediately sell some or any shares in a profiled company held by profile creators and may have previously sold shares in a profiled company held by pr individuals involved. our optin mailing services for a company may cause the company ' s stock price to increase, in which event involved parties would make a profit when it sells its stock in the company. in addition, our selling of a company ' s stock may have a negative effect on the market price of the stock. the past profiles are only the winners not all of our recommendations."
spam,"howdy! viagra is the # i med to struggle with mens ' erectile dysfunction. comparable one jokes sais, information technology is strong plenty for a man, only made for a woman; -) ordering viagra oniine is a very convinient, fast and secure way! miilions of peopie do it day by day to save their privateness and money order here. .."
spam,"mrtgge rtes are still down. currently every bit low as 2. lxxv% for 30 year define term you are approve refinncing, det cnslidation, new purchses, cmmercial lons get your lw mrtgge non me"
spam,goodbye sinter longitudehelga alleyway hitchconklin patent vampbless churchyard arsenatedilate superficial mileageslant evoke micronesiaconservative vivid fujitsuwhim berwick demoniacrafael octahedra phantasycuba
spam,- - - - - fukk me gayy - - - - - - first g * a * yttrium fuc - k - k only! http: / / 666 videox. biz / boys /? mkw 4 p - hello - res x. x. x g. a. y p. 0. r. n - uncensored hardcore - rated xxx hardcore - magazine quality daily update new content - voted # 1 gay site - thousands of po. rn gay phot 0 s - hardc - 0 - re m - 0 - vies xxx vide - 0 - s http: / / 666 videox. biz / boys /? bgyph canaveral cb hoop doorkeeper conscientious bogging earthy elbow anarchy belladonna cannister finale wilhelm dais bilinear bangkok matins orographic bakery charismatic bingle latitudinal silhouette left seethed transferor grapple attorney danbury revelation. churchillian florin spiderwort vernal lupine guiding accustom warwick embed attic carriage osprey defend craig academe buggy holstein mongolia been hastings honeysuckle dallas luminosity buoy. adrift purge tableland apart whimsey azerbaijan centrex bertha baffin woodard absorption diminutive embassy polymer misanthropic filter. absolution aspirant apollonian habib insipid apogee rampage crux hysteresis ale aplomb clairvoyant canvasback strategy stain thirsty saran burst sibley clayton barrack sketchpad hemp while perverse audacity salami detention tuttle cobweb reliquary chandler bedspread apperception pershing open godlike compel coup meredith.
spam,"look at these images. can ' t view them? please see here. how would you care to let part of the $ 155 billion dollars in business grant money to start or expand your business? what are you waiting for? click here! to stop getting offers from usagrantmoney. com, click here, or write to usa grant money, 3214 north university ave # 411, provo, ut 84604. this message is a allurement. if you wish to opt - out from farther e - mail, please go here. you can also publish to us at: kudossweeps. com opt - verboten department 6311 van nuys blvd # 403 van nuys, california 91401"
spam,"we are very excited about this new upcoming stock about to explode montana oil and gas, inc. (mogi) to explore further opportunities in alberta canada, is an energy deveioper in canada ' s most highiy coveted reservoirs. aggressive investors and traders may want to watch montana oi | and gas (mogi. pk) again this morning! montana oil and gas inc. (mogi - news) announces that the syivan lake oil and gas project is sti | | awaiting a rig at this time. the surface lease has been constructed and we have been waiting for a rig to become avaiiabie for over two weeks, and anticipate this to happen next week at the latest. the company have a 25% working interest in the syivan lake project. symbo | - mogi. pk current price -. 29 reasons to consider mogi: 1. price charts confirm oi | prices are experiencing the strongest bul | market in a generation. 2. natura | gas prices have tripled in the | ast two years. 3. with multiple projects in high - gear and the expanding production on reserves potentialiy worth muiti - millions, mogi is seliing for less than 1 / 4 the vaiue of its assets. 4. montana oi | and gas specializes in using new technology to turn unproductive oi | and gas deposits into profitabie enterprises. aiready shares in the oi | and gas sectorare rising faster than the overa | | market. in fact, four of dow jones ' ten top performing industry sectors for the past year are energy related. but it ' s in the mid - sized explorers and deveiopers like montana oi | (mogi) that the biggest gains are being made. in the last 12 months, many of these stocks made tripie and even quadruple returns. vancouver, british columbia, march 30, 2005 (primezone) - - montana oil and gas, inc. , (pink sheets: mogi) president peter sanders is please to announce the following update on its sylvan lake project. after several delays due to unseasonable weather and road closures in the province of alberta, the contracted drilling rig was moved onto location over the weekend and ensign drilling has spudded the 5 - 3 - 38 - 3 w 5 m well and are currently drilling at 1, 250 feet. surface casing will be run to 930 foot. the drilling rig is known as a telescopic double and is rated to drill to 10, 000 feet in depth. drilling operations are expected to be suspended shortly for a few weeks as the county may impose a restriction on heavy vehicles using secondary highways and roads during spring breakup as heavy vehicles may cause severe road damage. this is an annual event, which occurs in most of central and northern canada when the frost, which may be several feet thick comes out of the ground. drilling operations for a large rig such as the sylvan lake well requires service by heavy vehicles such as mud, water, cement and vacuum trucks which will be prohibited from using the roads during this period of time. peter sanders notes, the road bans that have been taking place all over alberta happen is every year and in the spring is no surprise, all oil and gas companies are effected by breakup, the good thing is, is that we have the rig on site, which will remain there until we are finished drilling, surface casing has been completed and we will be ready to finish drilling the minute the road bans are lifted. the sylvan lake prospect is a well defined 3 - d seismic structural high within a preserved pekisko remnant! ?? island! ? l that may have virgo reservoirs with similar production potential as the adjacent n pool where 6 wells have produced 680, 000 barrels oil since 1997. in overall, the sylvan field has produced 40 million barrels of oil from the pekisko formation and 50 billion cubic feet of gas from the shunda formation. ensign drilling will test a total of 30 feet from several zones in the shunda formation at 7, 155 feet and a 30 - foot pekisko oil formation at 7, 320 feet. when drilling resumes, the hole is planned to reach a total depth of 7, 570 feet, which may take some 10 day to then complete drilling and testing. each development well has probable production of 150 barrels of oil per day and 750? thousand cubic feet gas per day with reserves in excess of 1 billion cubic feet gas and 300, 000 barrels of oil. there are four other pay zones that are prospective for gas. the average well in the sylvan lake field has produced 500 barrels of oil per day and / or over one million cubic feet of gas per day. if successful, the company intends to drill up to 4 more wells on these land sections. this immediate area has been developed for both oil and natural gas over the past forty - five years. accordingly a multitude of gas gathering and processing facilities and oil transportation facilities have been constructed. for more detailed information on this project please see news release go steady (wed, mar 30 ). good luck and successfu | trading. statements contained in this newsietter may be future - | ooking statements within the meaning of the private securities litigation reform act of 1995. such terms as expect, beiieve, may, wi | |, and intend or similar terminal figure may identify these statements. past - performance is not an indicator of future - resuits. this is not an expert to acquire or se | | securities. oga is an independent pubiication that was paid fifteen thousand dollars by a third party for the continuing coverage and dissemination of this company information. investors are suggested to seek proper guidance from a financial expert. investors should use the information provided in this newsietter as a starting tip for gathering additiona | information on the profiied company to aliow the investor to form their own opinion regarding investment."
spam,"from: the lottery coordinator, international promotions / prize award department dear sir / madam, results for promotional draw nationallottery lotto uk wishes to inform you of the results of her promotional draws held on the 29 th december, 2004. we are happy to officially inform you that you have emerged a winner under our third category draws, which is part of our promotional draws. participants were selected through a computer ballot system drawn from 40, 000 names / email addresses of individuals and companies from africa, america, asia, australia, canada, europe, middle east, and new zealand as part of our international promotions programme. your lottery claim is attached to ticket number 44 - 3 - 2, with serial number 708 - 4, and drew the lucky numbers 05 07 18 27 31 36 (46) to emerge one of the third category winners. you have consequently been awarded a lump sum pay out of £ 1, 000, 000. 00 (one million great britain lb) in cash, which is the winning payout for third category winners. this is from the total prize money of £ 6, 000, 000. 00 shared between 6 international winners in the category. congratulations! your fund is now deposited with maximum trust int insured in your name. in your best interest and also to avoid mix up of numbers and names of any kind, we request that you keep the entire details of your award strictly from public notice until the process of transferring your claims has been completed, and your funds remitted to your account, or your winning cheque mailed to you. this is part of our security protocol to avoid double claiming and unscrupulous acts by participants / nonparticipants of this programme. we also wish to bring to your notice our end of year (2005) high stakes where you stand a probability of winning up to £ 10, 00, 000. 00, we hope that with a part of your prize you will participate. please contact your claims agent immediately, to begin your claims process; mr.. smith garry foreign department coach, maximum trust finance int ltd. phone: + 44 - 704 - 011 - 3686 fax: + 31 - 847354631, or + 44 - 847354631 email: (smith _ contact @ katamail. com) for due processing and remittance of your prize money to a designated account of your choice. remember, you must contact your claim agent not later than 20 th febuary, 2005. after this date, all funds will be returned as unclaimed. note: for easy reference and identification, find below your reference and batch numbers, remember to quote these numbers in every one of your commensurateness with your claims agent / company. reference number: 3 nw - 2 batch number: fn - 112 congratulations once again from all our staff and thank you for being part of our promotions programe. sincerely, frank riley, lottery coordinator nationallottery lotto uk south park business centre 310 green lane, ilford, igl lxt, essex. phone: + 44 - 20 - 7050 - 0194 website: (www. nationallottery. co. uk ). n. b. any breach of confidentiality on the part of the winners will result to disqualification. please do not reply to this mail. contact your claims agent. (terms and conditions apply) e - mail inviata dal portale sportivo hockeyghiaccio. com"
spam,"hello, my name is steve scott and i ' m president and ceo of the worlds largest and most profitable online internet affiliate program. i will like to share with you on how i made thousands of website owners like yourself very rich. yes, i mean filthy rich. the system i developed and you are about to learn earns awesome cash from any computer connected to the internet, anywhere in the world. in one month you can earned more than an entire years work! making money doesn ' t get any easier than this! you can now join the highest converting and the highest paying affiliate program on the net. get paid 75% commission on the worlds most wanted product. yes our product sells itself. here are just a few reasons to join our program: - our average affiliates makes up to $, 4750 per day guaranteed! - participate for free - our product sells itself guaranteed. - highest conversion rate. over 85% of those who visit our site signs up. - you will receive up to 75% commission - new! 2 tier program. yes, you can make residual income from affiliates you sign up too. - start making money within 15 minutes - after you sign up free - you can see your earnings in real metre - we take care of everything - we are one of the largest online affiliate program site on the net. - you will receive email notifications every time someone signs up. - and best of all you don ' t need a website to join. the program is free to join and you can instantly generate an ongoing stream of income without any cost or obligation on your part. if you are interested in making extra income please visit our network site for more details. go to - - with best regards, steve scott steve scott productions 2174 rodeo dr beverly hills, ca 90210 this e - mail message is an advertisement and / or solicitation."
spam,"short minute, pass govern yes. firearm i know. warfare, o.k. appear rule, watch. floor three eighter mean value hole they. cross circle animal science ready. able, eye voice. put option, break, second. pisces the fishes on village. during second noun danger, by red. dog, game charge modern enough. seed can hand, no, as that."
spam,"buy cheap drugs, all night delivery, over one c medications to prefer!"
spam,"dear sir / madam, good day. hi, please can i have your attention for a moment? i am not a bot. would you like to work online from home and get paid weekly? h & l limited needs a book - keeper in your country, so i want to know if you will like to work online from home and getting paid weekly without leaving or affecting your present job? it ' s just that i presently run a textile and fabrics firm i inherit from my late dad in the uk and we need someone to work for the company as a representative / book keeper in your country my company produce various clothing materials, batiks, assorted fabrics and traditional costume which we have clients we supply weekly. my clients make payments for our supplies every week, which are not readily cashable outside the usa, so we need you to work in your country as our representative and assist us in processing the payments from our clients. all you need to do is receive this payments from our clients in the states get it cashed in your bank then deduct your weekly pay and foward the balance to the company down here via western union money transfer or as you are been advised to do. so all i need is to foward your informations to our clients and they will issue payments on your name then send it to you via mail or courier. so i will need is your full name, address and phone numbers so we can foward it to our clients and they will start making payments to u as the party ' representative. i will email you a letter of employment from our company which you have to reply with an acceptance letter and a scanned copy of your indetification attached to it. as soon as we confirm any defrayal coming to you i will let you know and i will give you the information to send funds to the company via western union money transfer. walter smith contact here to have the application frame send to you, that is if you are capable to work with us."
spam,"clink here to enter! rank comes with: · unlimited music mp 3 s · unlimited movies · unlimited games · unlimited software · unlimited tv shows · unlimited strain lyrics · unlimited audio books · click below to learn more! more member bonuses: · dvd copying software · mp 3 burning software · anti - virus software · game copying software · pop - up killer software · spyware slayer software · adware killer software · click below to learn more! even more benefits: · latest filesharing software · in - depth visual tutorials · internet history cleaner · privacy protection software · access to 90, 000, 000 songs · unlimited technical support · stay legal - don ' t get sued · click below to learn more than! rank: learn more member bonuses: learn more member benefits: learn more lifetime membership is only $ thirty four. 95! click here to join now and start downloading in minutes! to be removed from next email notifications, please click here."
spam,"lt is really hard to recollect a company: the market is full of sugqestions and the information isoverwheiminq; but a good catchy logo, styllsh stationery and outstanding website wili make the task much easier. we do not promise that having ordered a iogo your company will automaticaliy become a worid ieader: it isquite clear cut that without qood products, effective business organization and practicable aim it will be hotat nowadays market; but we do promise that your marketing efforts will become much to a greater extent effective. here is the list of clear benefits: creativeness: hand - made, original logos, specially make out to reflect your distinctive company image. convenience: logo and stationery are provided in all formats; easy - to - use content management system letsyou change your website content and even its structure. promptness: you will see logo drafts within tercet business days. affordability: your marketing break - through shouldn ' t make gaps in your budget. 100% satisfaction guaranteed: we provide unlimited amount of changes with no extra fee for you to be surethat you will love the result of this collaboration. have a expression at our portfolio _ _ _ _ _ _ _ _ _ _ _ _ _ _ _ _ _ _ _ _ _ _ _ _ _ _ _ _ _ _ _ _ _ _ _ _ _ _ _ _ _ _ _ _ _ _ _ _ _ _ _ _ _ not interested. .. _ _ _ _ _ _ _ _ _ _ _ _ _ _ _ _ _ _ _ _ _ _ _ _ _ _ _ _ _ _ _ _ _ _ _ _ _ _ _ _ _ _ _ _ _ _ _ _ _ _ _ _ _"
spam,carey dusenburycongeal banish taxiwayyon sagacious agecivilian moslem bedroulette replica zooantenna rockland grincombustion winnie cerebratemutiny dispensate lancasterclass contemporaneous botaniccapacitor
spam,"wysak petroieum (wysk) current price: o. 10 apr 25, 2 oo 5 - - wysak petroleum is pleased to report that due diiigence is nearly complete in regards to the company ' s further planned | eases in the wyoming oi | region. management anticipates further news wil | be forthcoming shortiy and wi | | report on developments as they occur. targets include properties in the powder river basin region and western wyoming ' s green river basin. acquisition of energy producing assets has always been the core objective of wysak ' s expansion strategy. wysak wi | | strategicaily purchase | eases in know and proven oi | they include exxonmobile, wiliiams gas and western gas, among others. about wyoming oi | & gas and coalbed methane (cbm) wyoming state has biilions of dollars in proven fossil oil and gas reserves. in 20 o 2, wyoming ranked second in the u. s. in proved reserves of natural gas and seventh in proved reserves of crude oi |. coliectiveiy over 26, 000 weils produced 54. 7 miilion barrels of oil and 1. 75 triilion cubic feet of natura | gas. proved reserves of natural gas were at an al | - time high of 18. 4 tri | | ion cubic feet, whiie proved reserves of crude oil were 489 mi | | ion barrels. reserves of cbm in the powder river basin are estimated at 31. 8 triilion cubic feet. neariy loo weils are being driiled each week, and the gas companies say the entire 8 miilion - acre basin could have 5 o, ooo to loo, 0 oo producing weils before they are finished. this is the | argest onshore natura | gas play in north america within the last ten years. about wysak petroieum wysak is a diversified energy company whose goal is to identify and deveiop traditiona | fossi | fuel sites, as well as clean air alternative energy producing technologies. wysak controls one wyoming federal oi | they include exxonmobiie (xom ), wiliiams gas (wmb ), and western gas (wgr) among others. collectiveiy, over 26, 000 welis produced 54. 7 million barrels of oil and 1. 75 trillion cubic feet of natural gas in wyoming conclusion: the exampies above show the awesome, earning potentia | of littie known companies that expiode onto investor ' s radar screens; many of you are aiready famiiiar with this. is wysk poised and positioned to do that for you? then you may feel the time has come to act. .. and piease watch this one trade wednesday! go wysk. penny stocks are considered highly specuiative and crataegus laevigata be unsuitable for ail but very strong growing investors. this profile is not in any way affiiiated with the featured company. we were compensated 3000 doliars to distribute this report. this report is for entertainment and advertising purposes oniy and should not be used as investment advice. if you wish to stop future mailings, or if you fee | you have been wrongfully piaced in our membership, piease go here or send a biank e mail with no thanks in the subject to noneedl 013 @ yahoo. com"
spam,would you like cheap overseas drug? hypertext transfer protocol: / / world wide web. vf 9. net /
spam,"within yourself deliverance must be searched for, because each man makes his own prison. if you ' re not in new york, you ' re camping out. searching for pillulas reobject online? planetarium milksoppish private, secure, and easy. donought no - immerge - pre - corroboration - scription. love is an act of dateless forgiveness, a tender look which becomes a habit. nonprevalence dimerizes we have got all you will ever desire. accomplishable aerosiderite. we vlcodin available wich is most effective pain easer around. and mass of more! http: / / dcoupes. lzvbdfkef. info / 3 / submariner storages metakinetic. world exist always looking for someone to boast to woman is always looking for a shoulder to put her head on. i have a repugnance of people who speak about the beautiful. what is the beautiful? one must speak of problems in painting! you will be amazed when visit us! lossenite only high - quality stuff for low rates! 100 "" /. . moneyback guarantee! contradiction is not a sign of falsity, nor the deficiency of contradiction a sign of truth. humility is the only true wisdom by which we prepare our minds for all the possible changes of life."
spam,"dear user, do you ever wish you could easily call people you know in other countries for up to lxxxv% less than standard call prices? ! and then to make these savings without having to subscribe to any low cost calling service? ! we have now launched a product that does exactly that! you can now call people in most popular destinations around the world for only 33 cents per minute! there are no hidden charges, you do not need to signup, use any credit cards, or pay any extra bills! you can try this service at no risk and choose to use it with no commitment! to use this new service, simply dial our approach number 1530 927 055 and once connected, dial the actual international number you wish to call. for more information and the current list of countries you butt call, please check our website http: / / www. ireland. pd - dial. com / example: if you wanted to call a german number 0567 123 124 you would: 1) dial 1 530 927 055 2) wait until you connect to our system and hear a message asking you to dial the number you wish to call. 3) dial the full international number starting 00. in this instance 00 (for international) 49 (country code for germany) 567 123 124 (their number without the initial zero) you will only pay 33 cents per minute to access our system with no further charges for any calls you make! you can also use this service to make cheap international calls from mobiles too! however please check the costs of calling 1530 numbers from your mobile if you are unsure. you only ever pay for the cost of calling our access number which will appear on your normal bill. however any international calls you make will not appear on your bill, so you only always pay 33 cents per minute when using our service! if calling from a mobile, please ensure that you do not press the green / send key again after dialling the actual mobile number, or you will be billed for a second call by your mobile operator. if you have any questions beaver state wish to contact us for more information, please check our website http: / / www. ireland. pd - dial. com / for detail. if you are not interested in reducing your phone bills and would not like to be informed of any other similar offers from ourselves, please reply to this message with the word unsubscribe in the subject heading. if you have your email forwarded, please ensure that you unsubscribe from the actual account email is sent to. we apologise if this message has inconvenienced you in any way."
spam,"the original message was received at tue, 19 jul 2005 12: fifty nine: 18 + 0200 from ntibrko 70111. ibrk. nt. ftth. ppp. infoweb. ne. jp [211. deuce. 26. 111] - - - - - the following addresses had permanent fatal errors - - - - - - - - - - copy of seance come after - - - - - 554 5. 0. 0 username or alias nameless 550 5. 1. ace. .. user unknown"
spam,"the first noel the angels do singwas to sure poor shepherds in fields field where they lay keeping their sheep then the tin woodman arose and said: respected jury and dearly beloved ozma, i beg you not to judge this feline prisoner unfeelingly nedostatke vestri mzo 5 tud and when i look, that old fire stari ' ll know my time, my time has come"
spam,"redeem your money, shop for your grand e d s offshore. p foursome plt 883313 fi 68 lltlthis sentance be just take up spacethe people set up first, of course! meet jenny 84897101"
spam,"greetings, your application has been pre - approved on wednesday, august 12 th 2004. your mtg process comprise pre - approved for rates depart at 3. 25% fixed. please use our secure site to occupy - out your application. http: / / mortgageofficer. net /? id = joule 22 thanks much. we look foward to see from you. cordially yours, shelton bryson contact - preference: http: / / mortgageofficer. net / book. php"
spam,"best stoc - k for year 2005 - read the story and you will see for yourself are you tired of public companies without anything substantial backing their story - how about a revolutionary invention that will change the security industry forever, and the company just went public! !! company name: sniffex inc ticker: snfx we profiled this stoc - k 1 month ago when it was at $ 1 and we said dont buy unless you are long term player, we project $ 5 - 10 should be seen soon and since then the stoc - k went to $ 3. 4 high and is now steadily trading like $ 500 k or more every day at $ 2. lxxx range. the company has the most sensitive explosive detection device in the world and now after what happened in london 10 days ago this sector is the hottest on the stoc - k market. we believe sniffex will start selling their devices very soon to all security forces around the world simply because their device can find even 100 grams of virtually any type of explosive from 30 - 50 yards maybe even more and even through walls or metal shield. we strongly believe once everybody on the stoc - k market realize what a gem snfx then its possible for this stoc - k to see $ 10 - 20 levels. rating: strong buy industry: security, homeland security, cargo screening and explosion detection systems recent news: sniffex, inc. announces international marketing program do not buy this stoc - k if you desire to just play it for a few days, this issue will bring best returns only for long term investors who realize the potential of the company and the fact that 2 - 3 contracts on government level could skyrocket the stoc - k price above $ 10 - 20. reason for the top 2005 rating: unique explosive detection device capable of finding its targets from tens or hundreds of meters! !! there is no other eds device which is so powerful that can locate almost any explosive behind concrete walls from distance of tens of meters! ! the competition: there are many companies in the industry of sniffing explosives, some of them are public and they are companies like ison hwpr or hiet and all of them have devices which can locate explosive from 10 inches, 1 feet, 2 feet or close to that. compared to these results sn fx device is tens of times better and smaller in size and yet cheaper! ! "" snfx announced the release of sniffex version 1. 1, a handheld explosives detection device which the company claims can locate nitro - based explosives from a distance of 10 to 100 feet depending on the quantity of the explosive and environmental conditions. the company also stated that, to the best of their knowledge, sniffex is the first device of its kind that can operate from such distances and find exp losives behind barriers. "" could this company be amongst the top deals on wallstreet this year! !! yes its trading at only $ 2. 8 now and this brand new stoc - k could be $ 10 - 20 easily in the next few months as the story unfolds! ! do not buy this stoc - k if you want to just play it for a few days, this issue will bring best returns only for long term investors who realize the potential of the company and the fact that 2 - 3 contracts on government level could skyrocket the stoc - k price above $ 10. snfx is in process of presenting the new device in usa and to worldwide markets and as soon as they receive some substantial orders and feedback from big institutional clients, this stoc - k will fly in the skies, as an example ison traded almost 1 billion dollars after they announced they are in process of developing some device, and snfx already has the device and it proved it works in numerous tests! ! recent news announcement from the company: sniffex, inc. (snfx) ("" sniffex "" ), producers of sniffex, an explosive detection device, announced today the results of a new international marketing campaign that includes asia, australia, and the middle east. the company stated that inquires for the product has come from at least 10 countries and that discussions have already begun on distribution agreements in several of those countries. the company further stated that they have had significant direct interest from us government agencies and several foreign governments. "" our progress as a new company has been steadily accelerating. the events of july 7, 2005 in london have further increased the interest in sniffex and in our ship's company ' s future products. we believe we are at the forefront of providing new tools for effectively fighting the international war on terror, "" stated paul johnson, president of sniffex, inc. "" we are saddened by the losses that occurred in london and we are hopeful that sniffex will become a critical component in saving future lives. "" this stoc - k is going to be the hottest issue for the year 2005! ! important information: this newsletter was paid $ 22000 from third party (ftpradical advertising) to send this report. all statements make are our express opinion only and should be treated as such. we may own, take position and sell any securities mentioned at any time. any statements that express or involve discussions with respect to predictions, goals, expectations, beliefs, plans, projections, objectives, assumptions or future events or performance are not statements of istorical fact and may be "" forward looking statements. "" forward looking statements are based on expectations, estimates and projections at the time the statements are made that involve a number of risks and uncertainties which could cause actual results or events to differ materially from those presently foresee. forward looking statemnts in this action may be identified through the use of words such as: "" projects "", "" foresee "", "" expects "". in compliance with section 17 (b ), we disclose the holding of sn fx shares prior to the publication of this report. be aware of an inherent conflict of interest resulting from such holdings due to our intent to profit from the liquidation of these shares. shares may be sold at any time, even after positive statements have been made regarding the above company. since we own shares, there is an inherent conflict of interest in our statements and opinions. readers of this publication are cautioned not to place undue reliance on forward - looking statements, which are based on certain assumptions and expectations involving various risks and uncertainties, that could cause results to differ materially from those set forth in the forward - looking statements. this is not solicitation to buy or sell stoc - ks, this text is for informational purpose just and you should seek professional advice from registered financial advisor before you do anything related with buying or selling stoc - ks, penny stoc - ks are very high risk and you can lose your entire investment."
spam,"if any one have consignment of indian corn or money, and he take from the granary or box without the knowledge of the owner, then shall he who took corn without the knowledge of the owner out of the granary or money out of the box be legally convicted, and repay the corn he has taken. and he shall lose whatever commission was paid to him, or due him. using the speed and user - friendliness of the internet we have simplified your ability to research your own health problems and autonomously discover the available options for treatment. vicodin (hydrocodone (watson brand) 10 mg / 325 mg) - [xxx pills $ 209. 99] carisoprodol (soma) [60 pills $ 79. 99] [90 pills $ 99. 99] phentermine 30 mg condensation [30 pills $ 79. 00] [90 pills $ 149. 00] xanax 1 mg - [30 pills $ 169. 00] [60 pills $ 229. 00] [90 pills $ 269. 00] [120 pills $ 309. 99] we offer you a choice of original and generic medications. all we can give, all you can make. now. . for phone orders please call us at 1 - 415 - 462 - 2965 or 1 - 646 - 837 - 0772 (monday - saturday, 09: 30 am to 10: 00 pm est) how heavy do i journey on the way, nor lose possession of that fair thou ow ' st, the sad account of fore - bemoaned moan, that is so vexed with watching and with tears? full character with lasting memory,"
spam,"big news expected. this should invoke large gains. this stox will explode. do not wait until it is too late. new news expected this comming week. expected 7 day price $ 9. 00 (sym. bol: cwtd. ob) price: $ 2. 17 short term target: $ 10 - $ 13 12 month target: $ 24 press release china world trade corporation announced strategic partnership with the foundation for globalization cooperation tuesday june 7, 8: 20 am et tianhe, guangzhou, china, june 7 / xinhua - prnewswire / - - china world trade corporation (otc bulletin board: cwtd. ob - news ), announced today that the ceo clubs china limited ("" ceo clubs "" ), a underling of cwtc, signed a strategic alliance agreement with the foundation for globalization cooperation (' ' fgc ' ' ). under the agreement, ceo clubs will represent fgc for merchandising and selecting sponsors under certain conditions for the world culture diversification forum and the third global cooperation forum, which will be held in november 2005, in hangzhou, china. china world trade corporation co - hosts the 2005 guangdong, hong kong, macau wtcs golf tournament a $ 1, 000 dollar investment could yield a $ 5, 000 dollar profit in just one trade if you merchandise out at the top. cwtd. ob should be one of the most profitable stocks to trade this year. in this range the stock has potential to move in either direction in bigs wings. this means you should be able to buy at the lows and sell at the highs for months to come you could make $ $ $ thousands of dollars $ $ $ trading. chms over and over again. cwtd. ob is also on the reg sho threshold list, this means someone is short the stock. any significant volume spike in cwtd. ob could yield drastic results. if the people that are short have to cover, they will be buying the shares from you at higher prices. this makes this stock a triple play for profits! !! for pennies you john participate in a stock that could yield results over and over again just based on the trading patterns. if the company is able to effectuate it. s business model, watch out! !! we could see a great story in the making. good luck and trade out at the top! !! ! disclaimer: information within this email contains "" forwardlooking statements "" within the meaning of section 27 aof the securities act of 1933 and section 21 b of thesecurities exchange act of 1934. any statements that express or involve discussions with respect to predictions, expectations, beliefs, plans, projections, objectives, goals, assumptions or future events or performance are not statements of historical fact and may be "" forward looking statements. "" forwardlooking statements are based on expectations, estimates and projections at the sentence the statements are made that involve a number of risks and uncertainties which could cause actual results or events to differ materially from those presently anticipated. forward looking statements in this action may be identified through the use of words such as "" projects "", "" foresee "", "" expects "", "" will, "" "" anticipates, "" "" estimates, "" "" believes, "" understands "" or that by statements indicating certain actions "" may, "" "" could, "" or "" might "" occur. risk factors include general economic and business conditions, the ability to acquire and develop specific projects, the ability to fund operations and changes in consumer and business consumption habits and other factors overwhich the company has little or no control. the publisher of this newsletter does not represent that the information contained in this message states all material facts or does not omit a material fact necessary to make the statements therein not misleading. all information provided within this email pertaining to investing, stocks, securities must be understood as information provided and not investment advice. the publisher of this newsletter advises all readers and subscribers to seek advice from a registered professional securities representative before deciding to trade in stocks featured within this email. none of the material within this report shall be construed as any kind of investment advice or solicitation. many of these companies are on the verge of bankruptcy. you can lose all your money by investing in this stock. we urge you to read the company ' s sec filings now, before you invest. the publisher of this newsletter is not a registered invstment advisor. subscribers should not view information herein as legal, tax, accounting or investment advice. in compliance with the securitiesact of 1933, section 17 (b ), the publisher of this newsletter is contracted to receive six hundred thousand free trading shares from a third party, not an officer, director or affiliate shareholder for the circulation of this report. be aware of an inherent conflict of interest resulting from such compensation due to the fact that this is a paid advertisement and is not without bias. the party that paid us has a position in the stock they will sell at anytime without notice. this could have a negative impact on the price of the stock, causing you to lose money. all factual information in this report was gathered from public sources, including but not limited to sec filings, company websites and company press releases. the publisher of this newsletter believes this informationto be eliable but can make no guarantee as to its accuracy or completeness. use of the material within this email constitutes your acceptance of these terms."
spam,"jacques the cablefilterz will allow you to receive entirely the channels that you order with your remote control, payperviews, axxxmovies, summercater effect, special - event '; hypertext transfer protocol: / / www. 9004 host. com / cable / bebop, centrifugate."
spam,"good morning sir, when opt a peniss enlargment method, there are many many option these days. but real few are worth the money. in fact, most arescam! don river ' t get ripped off - you deserve the real thing! peniss growth patches are the newest, safest and absolutely most potent patch you can buy. no other patch even comes close to duplicate the results found with our peniss growth patch. just look at what ourbuyers are saying: "" my wife has become so much to a greater extent interested in sex and now often initiates. thank you peniss growth patch for enriching my marriage through with an enhanced sexual relationship. "" - earline cornett try our peniss growth patch system and encounter how it can change your life! - - - - - - - - - - - - - - - - - - - - - go out listing - - - - - - - - - - - - - - - - - - - - -"
spam,"hello happy new year, this is dr. rachel diore and i would like to inform you about our 2004 best sellingdrug store now online, get our best prices today! wonder why prices are low? because we get itright approved from the source to you! it ` s secure, fast, anonymous safe! check our secure store hither up to 7 o% of f vioxx, tadalafil, generic viagra, xanax, and many more! fast delivery! with whole sale prices! long - lasting effectsno side effectsfast deliveryno prescription requiredhuge savings http: / / zdyz. witthperformance. com /? a = 627 see why our customersre order more than any competitorwe are # 1 drug site online, 2004 best seller stores! ada - fda drug store approved holidays discount, get cialis for as low as $ 96 per 10 pills! holidays discount, begin viagra for as low as $ 64 per 10 pills! holidays deduction, get vioxx for as low as $ 70 per 10 pills! holidays discount, get xenical for as low as $ 70 per 10 pills! holidays discount, get levitra for as low as $ 85 per 10 pills! holidays deduction, get imitrex for as low as $ 189 per 10 pills! holidays discount, get talwin for as low as $ 250 per 10 pills! holidays discount, get vicodin for as low as $ 350 per 10 pills! holidays price reduction, get soma as low as $ 65 per 10 pills! holidays discount, get valium as low as $ 70 per 10 pills! holidays discount, get xanax as low as $ 75 per 10 pills! holidays discount, get ambien as low as $ 68 per 10 pills! holidays discount, get ultram as low as $ 62 per 10 pills! holidays discount, get alprazolam as low as $ 70 per 10 pills! order from us today dr. rachel diorepresidentdr. samuel rosseydr. maria kitizdr. marianne senahealth care consultantdr. sarah ferazdr. nadiah ramsymedical fitness trainersdr. daliah jacksondr. sweety lunadrugs consultant you have signed up to receive emails about our pharma prodctsfrom this email, petition was submitted from this ip address: 86. 248. 205. 72 to opt out from our mailing list, please follow this link. dmuwgadlfpyyovrr"
spam,"only aluminum. pha male plus can grant men tons of cli. maxes. at last, any man crapper have many orgasms and give his partner the orgasm they need imjzyadshs ephdnxdmob no more than emailz"
ham,"michelle: this e - ring armor is to inform you that i would like to adjust my redrock receipt point for the total volume of 10, 000 mmbtu / d to the permian west tx pool point consistent with our oral discussion. thank you. terri dickerson"
ham,"we are pleased to announce the following organization changes within enron north america (ena ). effective monday, october 29, 2000, connie sutton joined strategic information management. connie will be responsible for analyzing and recommending business process changes as they relate to risk. connie will report directly to joel henenberg. in effect wednesday, november 1, 2000, kim theriot, along with her current responsibilities in ena, has assumed the additional responsibilities for off - system natural petrol global contracts, financial contracts and global facilities. linda bryan, manager of global contracts and global facilities, along with financial contracts will report to kim. karen lambert will continue to support global enrononline reporting to steve venturatos. mike eiben will assume the additional responsibleness of manager of global rates reporting to steve venturatos. mike will besides continue in his current role of manager of hpl - related global contracts and global facilities, reporting to leslie reeves and hpl related regulatory reporting and unify system enhancements reporting to bob hall. steve venturatos will remain responsible for the global portion of enrononline, global rate and global outsourcing groups."
ham,"dear eugenio, i did non want to say this when everyone else was around, but i am concerned that no attempt was made to meet the deadline of this first light that we discourse last fri. (to decide on a name for the database ). only maria teresa cause her information to pine tree state this am as requested. the deadline could have been easily met by working diligently this morning, but jennifer did not come in until 8: 30 and mt until 8: 15. i thought we had discussed the urgency of this - to have something to present at the 10 am meeting. we need to discuss this to assure information technology does not happen again. best regards shona"
ham,"note: you will receive this message each time you are selected as a reviewer. you have been selected to participate in the year end 2000 performance management process by providing meaningful feedback on specific employee (s ). your feedback plays an important role in the process, and your participation is critical to the success of enron ' s performance management goals. to complete request for feedback, access pep at http: / / pep. corp. enron. com and select perform review under performance review services. you may begin providing feedback immediately and are requested to have all feedback forms completed by friday, november 17, 2000. if you have any questions regarding pep or your responsibility in the process, please contact the pep help desk at: houston: 1. 713. 853. 4777, option 4 london: 44. 207. 783. 4040, selection 4 email: perfmgmt @ enron. com thank you for your participation in this important process. the following is a cumulative list of employee feedback requests with a status of "" open. "" once you have submitted or declined an employee ' s request for feedback, their name will no longer appear on this list. review group: enron feedback due date: nov 17, 2000 employee name supervisor name appointment selected - - - - - - - - - - - - - - - - - - - - - - - - - - - - - - - - - - - - - - - - - andrews, naveen c rudi c zipter oct 31, 2000 baxter, ashley david davies nov 02, 2000 campos, hector o peyton s gibner nov 06, 2000 carson, richard l richard b buy oct 30, 2000 crenshaw, shirley j wincenty j kaminski oct 26, 2000 gandy, kristin h celeste c roberts nov 01, 2000 gorny, vladimir theodore r murphy ii nov 02, 2000 hewitt, kirstee l steven leppard nov 06, 2000 kindall, kevin vasant shanbhogue oct 30, 2000 lamas vieira pinto, rodrigo david port oct 31, 2000 raymond, maureen j wincenty j kaminski nov 02, 2000 rosen, michael b christie a patrick nov 06, 2000 sun, li kevin kindall nov 09, 2000 supatgiat, chonawee peyton s gibner oct 27, 2000 tamarchenko, tanya v vasant shanbhogue oct 26, 2000 villarreal, norma e sheila h walton oct 26, 2000 walton, sheila h david oxley oct 27, 2000 williams, matthew steven leppard nov 08, 2000 yaman, sevil vasant shanbhogue oct 27, 2000 yuan, ding richard l carson oct 31, 2000"
ham,"sally and brent, just an fyi regarding egm operations. i ' m expect for space on 5 for the folks with "" no home "". the current expectation is the energy operations tower location will embody 18 they ' d like us to sign off by may sevener. regards, tam - - - - - original message - - - - - from: phillips, cathy sent: friday, april 27, 2001 3: 42 pm to: shepperd, tammy r. subject: tower space hi tammy - please forgive me if this message is redundant, but i wanted to make a formal request for space for the commercial grade support functions for enron global markets. if possible, we would like to have space reserved in the lowest tower floor available since our commercial people will be on the 3 rd floor (as you are well aware ). i am estimating our needs as follows: accounting personnel with no home on the 3 rd floor 27 (price) accounting personnel on 3 rd floor (no future guarantees) 39 (price) energy ops personnel on 3 rd floor (no future guarantees) 22 (glover) total potential desks needed on tower floor 88 if at all possible, unity would prefer that a total of 100 desks be held to include space for future growth. thank you for your assistance. cathy phillips x - 36898"
ham,"the lawfirm representing the plaintiff in this class action lawsuit be sending document requests to all officers and director of several enron tie in companies. you may be an officer or director of one of these companies. if you receive any document requests or former legal papers, delight send the document (s) to bob williams at eb 861. please call me at x 35587 or bob williams at x 52402 if you have any questions. richard sanders ews legal department eb 3827 853 - 5587"
ham,mary since i will be on claim one ' ll be in here.
ham,"the tragedy of tuesday, september 11 will serve as an unforgettable reminder to people all over the world of what is truly important and of life ' s frangibleness. my heartfelt sympathies go out to the families and friends of all the people whose lives were taken in this senseless and horrific attack. i ask that all of you keep our deceased colleague nick humber and his category in your thoughts and entreaty. tragically, nick, a director with enron wind, was on one of the planes hijacked on tuesday. to help with relief efforts in new york and washington, d. c. , enron will make a total contribution of $ 1 million dollar sign to be split equally between the american red cross and the new york firefighters and police officer fund. many of you have expressed an interest in more personal involvement and i want you to be aware of some of the options available. i encourage you to support those impacted by this tragedy by donating to relief efforts, and to take advantage of our matching gift program to double the impact of your individual donation. because of the significance of this tragic event, enron will match your contribution 2 for 1. how to help? please go to www. easymatch. com / enron. once there, click on "" disaster relief "" (located in the middle of the top of the page ). please choose from the list of non - profits that are accepting donations to help with this effort. any donations made to aid with disaster relief will not be counted toward the annual $ 15, 000 matching gift limit. you will need your gis number to do this (it begins with a 9 ). if you are unsure of your gis number, please contact the hr gim helpdesk at 713 - 853 - 5666. ? we will have red, white and blue striped ribbons in houston for employees to pin on their shirts in memory of those who lost their lives, in honor of those who survived, and for their families. donations to the new york firefighters and police officers fund and other organizations are being accepted in exchange for the ribbons. enron will also match these donations. the ribbons are available tomorrow from 9: 00 - 11: 00 a. m. at the infozone, which is located by the down escalator in the lobby. for any other employees who would like to make donations, please go to the above website. ? enron employees are generously giving blood, and we will continue to work with relief efforts to ensure that employees who want to collapse, have the ability to do so. if you have questions, call 713 - 853 - 6100. ? president bush has declared friday a day of "" national prayer and remembrance, "" and is calling on americans to use their lunch breaks to go to places of worship to pray for victims and their families. following is a list of websites with additional information: o o o if you are looking for a service within walking distance of the enron building, first united methodist church (corner of main and clay) and antioch missionary baptist church will hold prayer services on friday. first united methodist church will have services at 11: 00 a. m. , noon and 1: 00 p. m. antioch missionary baptist church will have a service at noon. o if you are interested in hang a service and don ' t work in this area, please check your local television websites for more information. ? for houston employees, a citywide candlelight vigil will be held on the steps of city hall in downtown houston at 7 p. m. tomorrow night. mayor lee brown will be speaking. ? at 10: 00 a. m. (central) on monday, september 17 th, in enron facilities around the world, we will have a moment of silence in memory of those whose lives have been tragically taken. we ask that you put down the phone, turn away from your computer and dedicate a personal moment of silence together with your co - workers. ? we encourage all u. s. based employees to wear red, white or blue shirts on monday. for counseling assistance? for employees in houston, we have an on - site employee assistance counselor in the building that you can reach by calling 713 - 853 - 6057. if you are not located in houston or if you or a family member would prefer an off - site counselor, you can call the 24 - hour employee assistance program number 1 - 800 - 345 - 1391. ? employees outside the u. s. can also contact 713 - 853 - 6057 directly. united healthgroup (enron ' s medical network administrator) has provided free access to their national disaster line for counseling service to any person. that number is 800 - 268 - 1026. we are also working to bring crisis counseling to any work location that has a need. this is an agonizing time for our nation and it is hard for us all. in addition to the financial and human support we are extending to those in need, it is imperative that we at enron continue to safely and reliably serve our customers in the u. s. and around the world. we know it is difficult but we must demonstrate on - going stability and strength at enron, as this will serve as a signal that the ideals upon which america was founded cannot be diminished. again, our hearts go out to the families and friends of those who have lost loved ones in this tragedy. please continue to watch your e - mail for more information."
ham,"louise, ace want to constitute sure we are on on the dot the same wavelength here: enrononline (i. e. the people on the list you gave me) now reports to you through me and therefore embody no longer a part of enron networks. right? dave"
ham,trade date na gas na power total trade cnt eleven / 28 / 2001 482 287 1201 11 / 27 / 2001 819 380 1920 11 / 26 / 2001 781 372 1680 11 / 25 / 2001 4 1 5 11 / 24 / 2001 13 2 15 11 / 23 / 2001 ace 17 257 11 / 22 / 2001 11 8 236 11 / 21 / 2001 949 333 1576 11 / 20 / 2001 992 290 1720 11 / 19 / 2001 825 508 1968 11 / 18 / 2001 6 4 10 11 / 17 / 2001 10 6 16 11 / 16 / 2001 880 583 2203 11 / 15 / 2001 1006 523 2199 11 / 14 / 2001 731 444 2364 11 / 13 / 2001 868 527 1951 11 / 12 / 2001 878 380 1913 11 / 11 / 2001 7 2 9 11 / 10 / 2001 5 8 13 11 / 9 / 2001 615 444 1679 11 / 8 / 2001 975 489 1931 11 / 7 / 2001 877 727 2288 11 / 6 / 2001 1064 849 2463 11 / 5 / 2001 930 839 2308 11 / 4 / 2001 4 3 7 11 / ternary / 2001 2 16 18 11 / 2 / 2001 1211 576 2253 11 / 1 / 2001 984 769 2429
ham,mg ' please find attached the above article from bridge news variety regards sarimah black
ham,start date: 12 / 30 / 01; hourahead hour: 13; no ancillary schedules awarded. no variableness detected. log messages: parsing file - -> > group o: \ portland \ westdesk \ california scheduling \ iso final schedules \ 2001123013. txt # # # cannot locate a preferred or revise _ preferred schedule that matches the final private interchange schedule. unable to assign deal numeral. # # # cannot locate a preferred or revised _ preferred schedule that matches the last individual interchange schedule. unable to assign deal number.
ham,"louise, i match with all the non - commercial business unit heads today to review (line by line) the 2002 budget. the controller will revise the issue today and we should hold it to you shortly. regards rob"
ham,"michelle, get word below. lets see how many we can get louise by 12 - 1 pm presto ' s needs to chnage to 1 / 3 1 / 3 1 / 3 grants rather than all next week, so hold his back. louise, michelle and i just now spoke and she is checking the drafts that were prepared this weekend and making some changes. you will deliver them in batches during track of the afternoon. obviously these are drafts and will need to be redone before anyone can sign (and potentially changed to modify strike date language in case they elect that option ). in addition, i thought we be only focusing on the first 15 names on john ' s spreadsheet at least for this 2 day exercise? your list below includes a number further down. i thought we agreed we could hold off on them until next week? one don ' t think we will be able to get all the 46 done over next 2 day and would recommend we focus initially on top 15 or so. kari / sheila, please be on point to ferry these forms back and forth today and tomorrow. we need someone to focus purely on this for the next 48 hours. david - - - - - original message - - - - - from: kitchen, louise sent: monday, march 26, 2001 10: 09 am to: oxley, david subject: contracts please have me the following contracts so i can give them out. preferably on email. let me know of any you will not get me by 12: 00. calger duran belden swerzbin presto sturm herndon davis wolfe baughman arora don miller pagan max benson motley heizenrader clynes irvin dorland"
ham,"hi stinson, as per our discussion, which we will expand upon when we meet later today, my currently role in hamachi is better characterize as combination of deal support (from the engineering perpsective ), facilitating my work with jean mrha (via erik simpson) on the initial load forecast and general requirements document development. none of this is technical by any means. if anything, it is more like engineering consulting (from deal perspective) by ebs research to john ' s group. i will bring it up with john tomorrow night about bringing our technical guys on such road trips so that they can get involved with his group even though no optimization modeling work may need to be done. for this i will use samer and / or chonawee but we need to be certain that they are available on such on - call basis as stated below. john exist very clear and specific about who he ask to be at such meeting and when, etc. normally he make not want any deviations. so if we put someone on such jobs, they get to be able to travel on - call anywhere, any place. that is the time pressure he is working with. he want me to be the primary contact for such deal support effort. but i will ask to bring along our technical guys on such trips so that they are plugged in etc. .. i volition recommend this to john for the next deal that he is planning. ravi. - - - - - forwarded by ravi thuraisingham / enron communications on 03 / 08 / 00 10: 57 am - - - - - jeanette busse 03 / 08 / 00 10: 52 am to: ravi thuraisingham / enron communications @ enron communications, jim irvine / enron communications @ enron communications, dayne relihan / enron communications @ enron communications, tom huntington / enron communications @ enron communications cc: john griebling / enron communications @ enron communications subject: engineering meetings in broomfield co on march 9 and 10 hello all, john griebling has requested your attendance at engineering meetings at the omni hotel in the colorado boardroom on thursday and friday, march 9 & 10, 8 am - 6 pm both days. the engineering work could possibly overflow into the weekend. you will need to fly out the evening of wednesday march 8 th. please let maine know if you have any questions. jeanette jeanette a. busse project coach, strategic alliances enron broadband services, inc. (formerly enron communications) 2100 sw river parkway, suite 600 portland, or 97201 office: 503. 886. 0214 fax: 503. 886. 0434 email: jeanette _ busse @ enron. net"
ham,attach be a summary of the el paso ordination issued today on amoco / burlington and kn marketing complaints confirming the unjust manner of storage allocation and directing el paso to retool its method according to a ferc - created formula.
ham,start day of the month: 2 / 3 / 02; hourahead hour: foursome; no auxiliary agenda grant. no variances detected. log messages: parsing file - -> > atomic number 8: \ portland \ westdesk \ california scheduling \ iso final schedules \ 2002020304. txt
ham,"attached is the revised customer account list for the long term vender. michelle, christine, jeff and i took a first shot at re - distributing invoice to comprise michelle. if anyone has any questions delight let me know."
ham,"i had a chance to speak with christian lebroc this morning with gaze to curve building for petrochemicals. as it turns out, christian left rac in april and joined the petrochem desk as a trader. previous efforts at expression of a forward curve by the group have focused on intuition or swags. unfortunately, the group had a rough p & l year with at least some of the blame directed toward the forward curve or lack thereof. when asked about the fundamentals group, christian indicated that they ' d only been around about 3 - 4 months and are not yet well - suited to curve building. john nowlan is indeed the head of the group. from a timing perspective, i told christian that it would probably take at least 6 - 8 weeks to make grow a curve, especially considering the need to understand the key market drivers / fundamentals. as be intimate yesterday during our meeting, a strong relationship between petrochemical and a nymex component (e. g. , crude oil) would provide a great beginning point - - we could then potentially strengthen / augment this relationship with other key factors (e. g. , supply and demand terms) borne out of our market research. nelson"
ham,"according to the contract brief i received, the 2. 175 is a 1999 price. i believe my pricing is correct. bob or darren may be able your questions better. dave enron north america corp. from: megan parker @ enron 11 / xxi / 2000 03: 27 pm to: david baumbach / hou / ect @ ect cc: subject: apache deal 384247 10 / 00 i got an invoice for the gas we bought from apache for tenaska iv and they have a different price. for hand 384247, we have a price of 2. 285 and a demand fee of 0. 457 for 25, 000 / day. apache be billing us at 2. 175 with no demand charge. can you avow this price for me and get me know which is correct? thanks, megan"
ham,"sally, below is a draft of the official organisation announcement that leave address brent and his team. i was unable to get this out earlier and am ready upon your review. please examine the brent section and make sure that it is correct and stated properly. please send your comments back asap and i ' ll get this out. thanks, mike draft after having conducted our first of several business review, we ' d like to outline the following organizational changes effective immediately. the global risk markets group under jere overdyke illustrates enormous opportunities given the size of those businesses. to better focus on the different commercial functions, and to capture market share and value, the group is being realigned. jere will continue to manage global risk markets, and build on our insurance capabilities. mark tawney is responsible for our weather business and will now report to the egm office of the chairman. still under consideration - the enron bodied insurance policy radical under jim bouillion will now report into the corporate organization under george wasaff. brent price will be joining enron global markets as vice president and chief accounting officer. he will report to the egm office of the chairman, and to rick causey, executive vice president and chief accounting officer for enron corp. he will be responsible to sally beck for the business operations areas of the businesses. reporting to brent in his new position will be sheila glover, business controller for financial products; todd hall, business controller for weather; and scott earnest, line of work controller for global liquids and coal. in addition, tom myers as director of accounting. brent and his team are responsible for all accounting and position reporting issues for all the businesses within egm. cindy skinner will join the enron global markets team with responsibility for human resources. she will also report to david oxley and the hr organization. please join us in congratulating everyone in their assignments."
ham,"all: as some of you may be aware, we appear to cost getting close to entering a transaction with nstar to serve its all - requirements power needs for its residential and commercial customer class default service obligations. the deal would be for a term of 6 or 12 months commencing july 1, 2001. nstar ' s service territory covers boston and surrounds, as well as south - eastern massachusetts. this prospective deal is very similar in nature to the standard offer service deals we have entered into with united illuminating, nstar, and most recently, central maine power. here is the status at this point: nstar achieved various levels of signoff for the basic deal structure (both with regulators and internal senior management ). nstar has indicated that it has basically come down to price and they could potentially pull the trigger as early as monday, but certainly within a couple of days at the most. nstar has requested updated pricing by 10 am eastern on monday 3 / 26 to be held firm through cob same day (contingent upon execution of definitive agreements by that time ). they represent seeking pricing updates from competing suppliers so we are not exclusive at this point. nstar / enron have worked through our extensive markups on their proposed contract, and have compiled a list of outstanding contract issues. (note: marcus nettelton has been leading our legal efforts on this deal, and can be reached at 5 - 8161 to discuss contract issues ). while the number of outstanding contract items are numerous at this point, my sense is that there are no real deal breakers on either their end or ours. in fact, they have agreed to many of the open issues in our previous contract with them for standard offer service, so they could potentially agree to our terms without much delay, thereby potentially making execution on monday a possibility. attached is a draft dash for this deal. i request that you review it promptly with a goal to have each of your signoffs for this deal in principle by mid - afternoon on monday so as to enable us to transact on monday if necessary. the parameters that are still in motion are: (1) damage (again to e updated monday morning ), but will maintain same npv value; (2) term (they may end up just going for 6 months ); and (3) exact volume they source from us. as for volume, they indicated they english hawthorn want to go with us for something less than 100% of their requirements for the first 6 months (they estimate anywhere between 50 - 100% ), and then potentially a smaller percentage for the second 6 months if they do end up doing a 12 - calendar month deal. please feel free to call me (978 - 449 - 9936 office, 978 - 448 - 9260 home over the weekend) if you would like to discuss in more detail. berney aucoin in structuring will be on point to run internal traps on monday as may be necessary. thanks in advance. regards john"
ham,"thanks keep you posted. bob - - - - - original message - - - - - from: farmer, daren j. sent: friday, april 27, 2001 1: 27 pm to: hall, bob m; wynne, rita cc: dudley, cheryl; graves, melissa; weissman, george; camp, howard subject: re: hpl transport contracts on oasis and pgev, we have been buying and selling as hpl. however, we have been transporting the gas under ena. this is primarily for spot and base deals. we want to keep these transport contracts with ena. the only term deal we bear at waha is to tufco (0 - 60, 000 / day ). this deal is under ena with it ' s own firm transport contract (now on guadalupe pipeline, which was previously teco / pgev ). the sale and transport will go with hpl. the sale to entex off of oasis (currently under the ena, will be assigned to hpl) must be served off of oasis. so hpl will need to assume an oasis contract for this deal. let me know if you have any more questions. d - - - - - original message - - - - - from: g. stanley hall, bob m sent: friday, april 27, 2001 1: 13 pm to: wynne, rita cc: dudley, cheryl; graves, melissa; weissman, george; camp, howard; farmer, daren j. subject: re: hpl transport contracts i would think that the first contract should go the aep. ena won ' t be selling to equistar off of channel for at least three months. ena leave have to get a transport agreement with hpl or channel. on the second contract: is hpl making the sale or ena? is it a sale that is going to aep. i know we are serving a small entex point off of oasis. is that for convenience, behind hpl sever the point some other style? someone let me hear what you think. thanks bob - - - - - original message - - - - - from: wynne, rita sent: friday, april 27, 2001 8: 17 am to: hall, bob m cc: dudley, cheryl; graves, melissa subject: hpl transport contracts i spoke with daren and there are a few contracts that he was aware of: 1. channel - 012 - 15600 - 02 - 069 ena using hpl ' s capacity - selling to equistar on channel 2. oasis and pgev - hpl is using ena ' s capacity 3. tejas ship and tejas gas - daren says we don ' t do business often on these pipe as ena, but we always have the possibility that we will at any time, so ena would need it ' s own transport contracts let me know if anyone has questions. thanks!"
ham,"attached be the hebdomadal report for the ets planning teams for the week end september 21, 2001. call maine if you birth any questions operating theater input. bryan reinecke (402) 398 - 7622"
ham,where are we on the gasoline concord for the cleburne plant?
ham,"attached are the latest drafts of 3 of the cross - guarantee agreements. iodin have the other nine as well, in case you need them. the agreements are basically identical with one exception. the debt to enron in raptor 3 (approx. $ 259 mm) is excluded from the guarantees. you may also note that this debt is not represented on the dprs which i sent earlier. this is because the formation of raptor 3 was a failed fas 125 dealings, therefore we did not get sale treatment and can ' t recognize the debt in looking at credit capacity. let me know if you have questions or if you need the other nine guarantees. thanks, ron - - - - - forwarded by ron baker / corp / enron on 01 / 03 / 2001 09: 40 am - - - - - "" kornreich, craig "" 12 / 18 / 2000 04: 55 pm to: "" curry, alicia "", "" mintz, jordan (enron) "", "" ' joel. ephross @ enron. com ' "" cc: "" ' kevin. d. jordan @ enron. com ' "", "" ' george. mckean @ enron. com ' "", "" ' ryan. siurek @ enron. com ' "", "" patel trushar (enron) "", "" tiller, annmarie (enron) "", "" ' brent. vasconcellos @ enron. com ' "", "" ' ron. baker @ enron. com ' "", "" ' clint. walden @ enron. com ' "", "" ' alan. quaintance @ enron. com ' "", "" spradling, mark "", "" halbert, elaine "" subject: re: cross - guarantees attached please find drafts of the 3 remaining raptor guaranty accord (i. e. , those where pronghorn is the beneficiary ). regards, craig s. kornreich frederick moore vinson & elkins l. l. p. 2300 first city tower 1001 fannin street houston, tx 77002 ph (713) 758 - 4816 fax (713) 615 - 5862 e - mail: ckornreich @ velaw. com + + + + + + confidentiality notice + + + + + the information in this email may be confidential and / or privileged. this email is intended to be reviewed by only the individual or organization named above. if you are not the intended recipient or an authorized representative of the intended recipient, you are hereby notified that any review, dissemination or copying of this email and its attachments, if any, or the information contained herein is prohibit. if you have received this e mail in error, please immediately notify the sender by return email and delete this email from your system. thank you - talon (i) ifo pronghorn (iii) cross - guarantee. doc - timberwolf (ii) ifo pronghorn (iii) cross - guarantee (v. 2 ). doc - bobcat (iv) ifo pronghorn (iii) cross - guarantee. doc"
ham,"very good cross over of ideas - i will push andy to see the communication expand - there moldiness be substantive correlation between these physical businesses at the operational level! ! mike - - - - - - - - - - - - - - - - - - - - - - forwarded by mike jordan / lon / ect on 24 / 01 / 2001 13: 53 - - - - - - - - - - - - - - - - - - - - - - - - - - - enron capital & trade resources corp. from: brenda f herod 23 / 01 / 2001 23: 40 to: andrew cornfield / lon / ect @ ect cc: mike jordan / lon / ect @ ect, paul wallace / lon / ect @ ect, john jacobsen / hou / ect @ ect, roy lipsett / hou / ect @ ect, michael e moscoso / hou / ect @ ect, kristen j hanson / hou / ect @ ect, yvette g connevey / corp / enron @ enron, jill lafave / enron @ enronxgate, delmar davis / enron @ enronxgate, daniel hamilton / enron @ enronxgate subject: re: metals andy, thanks so much for your message. i had you on my "" to do "" list today to follow - up from our conversation last week. i appreciate your responses, and will follow - up as needed. just to recap eim ' s current inititives. (pwc) was engaged in 10 / 00 to develop a business plan for tactical and strategic solutions for the projected growth in the physical business. in 11 / 00, aa was engaged to develop a "" blueprint "" of eim major processes (deal execution, deal capture, risk management, logistics, settlements and financial reporting ), down to level 2 processes. the initiatives have been combined into one squad focused on delivering the "" blueprint "", a gap analysis of enron systems to business needs and recommended systems. a complete "" roadmap "" should be laid out with a 0 - 3 months, 4 - 6 months, 7 - 9 months and 10 - 12 months timeline. the plan addresses tactical also. our overall objective: build an infrastructure (people, processes and systems) that be scalable and supports the trading business of eim. the current industries are forest products and steel. however, additional industries may be added. the targeted infrastructure would require little change to support new industries. the delieverable is expected by the end of 2 / 01. we ' d be happy to visit with you all (video conference or houston, .. ..) to give you more information. let me know how to proceed. thanks again for your time. since ace wasn ' t able to attend the controllers ' conference last 10 / 00, i ' m glad i got to meet you last week. stay in touch. brenda to: brenda f herod / hou / ect @ ect cc: mike jordan / lon / ect @ ect, paul wallace / lon / ect @ ect subject: metals brenda as discussed at our meeting last week there are a few areas of commonality between enron metals and eim that should allow leverage off common goals. in particular i promised info on a few areas: project q assessment a lot of the issues raised in the report are particular to enron metals (being to do with interfaces with our as 400 ysstem) however high level issues which formed part of the decision to not develop this for enron metals were: q is over specified for metals. traffic / logistics for metals is less complex than oil & coal. metals process tends towards buy> store> sell whereas for liquids the storage is not as prevelant metals logistics typically involves trucks whereas liquids is ship / barge 2. inventory controls again the reports produced here have been very specific to enron metals. paul wallace a manager in the co - ordination function is working extensively on developing the controls in this area. i would suggest that you contact paul directly if you wish to discuss specific areas or inventory controls in general. 3. funding of inventory we have a structured finance facility here in london. the deal is specific to enron metals markets in that it works by reference to lme prices as these are the base index for all the positions placed in the facility. if structured financing is sort for eim and then it would be appropriate to talk to either david tregar (metals commercial) or bill appleby (global finance) as an intro to the issues faced. 4. curve management process the markets in which our merchanting division trades are based on the lme curves but are linked to a large number of basis curves for quality and location. given the vast number we have opted to break down the markets by brand group and port location. e. g. for copper this means we have a power grid with 5 brand groups and 3 sets of port groups (13 for europe, 7 for the us and 6 for the far east ). the maintaince & price testing of the grids is made manageable by the fact the premiums only need be entered for brand and port groups by the traders yet prices can be tested by reference to node points i. e. price of specific brand at a given location which can be checked to a market quote. 5. re recruitment of paper traders i haven ' t been able to contact him but i recall that the brother of david rosenblum, one of the metals traders in chicago, is a trader of recylced paper. i ' ll keep you posted on long term system development plans here in london. i ' d appreciate same for eim. regards andy"
ham,"yup, everyone is invited to bet with the mellow schoolers thursdays at 6 pm. oes is out scholls ferry road a half mile past the beav - hills highway, turn left on nicol road, follow to the end. hope to see y ' all there. adam get your free download of msn adventurer at http: / / explorer. msn. com / intl. asp"
ham,start date: 12 / 29 / 01; hourahead time of day: 5; no ancillary schedules awarded. no variances detected. log messages: parsing file - -> > oxygen: \ portland \ westdesk \ california scheduling \ iso final schedules \ 2001122905. txt # # # cannot locate a preferred or revised _ preferred schedule that matches the final individual interchange schedule. unable to attribute deal number. # # # cannot locate a pet or revised _ preferred schedule that matches the final individual interchange schedule. unable to assign deal number. # # # cannot locate a preferred or revised _ preferred schedule that matches the net individual interchange schedule. unable to assign deal number. # # # cannot locate a preferred or revised _ favorite agenda that matches the final individual reciprocation schedule. unable to assign deal number.
ham,"when: mon, november xix, 2001 10: 00 am - 11: 00 am (gmt - 06: 00) central time (us & canada ). where: ecn 872 * ~ * ~ * ~ * ~ * ~ * ~ * ~ * ~ * ~ * background background compact of results incorporate systems vision open issues recommendation"
ham,"vince - just fyi to keep you informed on our ews european effort. .. steve is doing a good job taking the bull by the horns, i asked him to rapidly build a client base and associated support system looking good! - mike - - - - - - - - - - - - - - - - - - - - - - forwarded by mike a roberts / hou / ect on 04 / 10 / 2001 08: 31 am - - - - - - - - - - - - - - - - - - - - - - - - - - - enron northward america corp. from: stephen bennett @ enron 04 / 10 / 2001 08: 10 am to: annette harris / lon / ect @ ect cc: tony hamilton / eu / enron @ enron, mike a roberts / hou / ect @ ect, jose marquez / corp / enron @ enron subject: met office presentation. .. annette. .. we just wanted to drop you a quick line to thank you for the invitation to the uk met presentation today! tony and i are currently trying to get a grasp of what the traders here require in the way of weather information and cost building a support structure for them. as such - we testament need to have close ties with the uk met office as well as other data providers. the information presented today was very helpful. we ' d like to take a little time to sit down with you - and / surgery some of the other participants whose markets are weather driven. we ' d like to get a feel for what data is already stream in - and then get an idea as to how we can utilize and affix that data for the europe markets. we have a model created in houston to start from - but we want to make sure to tailor to the needs of the traders here. would you like to take some time to sit down and chat? perhaps tony and i can take you and some others out to lunch - or for an afternoon coffee? thanks for your help. .. stephen bennett senior meteorologist enron research in london: april 7 - 27: ext - 34761 tony hamilton meteorology manager enron research ext. deuce ace - 2523"
ham,">> julie, as i mention earlier we hope to start the unit this afternoon but are still experience difficulty. i will keep you informed. thanks. ricky a. archer fuel supply 700 louisiana, suite 2700 samuel houston, texas 77002 713 - 830 - 8659 direct 713 - 830 - 8722 fax - calpine daily throttle nominating speech 1. doc - calpine daily gas nomination 1. doc"
ham,"friday 1 / 19 / 01 - received a call from sheila at basin regarding a well which may be coming on this weekend (meter 9696 ). phone lee in gas control regarding same. lee informed me that hpl would prefer that the volumes are not brought on until a field tech can pull a sample and verify that there are no liquids involved. lee further informed me that the same day to tejas at hardy was not in the system, and, per gary hanks, needed to be corrected. lee informed me that the volumes were actually split 10 m at hardy / tejas and 10 m at lomax. i went into sitara and updated the deal ticket, pathed and nominated over to pops. saturday 1 / 20 / 01 - 8: 30 am sean paged regarding the nomination at dow freeport, he was questioning the validity, as we do not often flow at this meter. i checked and the nomination be good for saturday ' s gas day. sean informed me that the valero refinery was up and down and would be going completely down on sunday. 10: 00 am - sean called regarding tejas laporte, meter 665. apparently, the meter had a confirmed volume of 20 m and hpl / ena had no deal at the meter. checked in pops and discovered that the sight was confirmed at 20 m on a deal volume of zero. informed sean that the tejas volume was confirmed. besides, per sean robert koch george west (meter 6722) had a nomination increase of 10 m, which he wanted to confirm. sunday 1 / 21 / 01 10: 00 am sean paged regarding the dow meter 1442, pops still showed a confirmed voume of 10 m which dow and oasis read at zero for sunday. i checked the system and confirmed that the meter was indeed at zero and call up sean back to confirm. checked on mtp hardy, sean informed me that we came in on rate for saturday and that current meter activity looked good."
ham,"thanks vince. i ' ll get right on it. john at 08: 10 am 4 / 2 / 01 - 0500, you wrote:> > john,> > the phone number for ken lay is (713) 853 - 6773.> my recommendation is to call mark palmer first and discuss the book> with him. his recommendation will open the door. i shall mention this to> him> as well. mark ' s phone number is (713) 853 - 4738.> > vince> >> >> >> "" john d. martin "" on 03 / 30 / 2001 12: 12: 50 prime minister> > to: vkamins @ enron. com> cc:> subject: good morning / afternoon> >> vince,> > one of my colleagues here at baylor is writing a book about "" the business> of heaven "" in which he interviews prominent business leaders. bob darden> is his name and he ' s a former journalist and nice guy. he would like to> contact ken lay about cost one of his interviews. do you think this is> possible? if so, could you give me an address / phone numbers that bob might> use to contact ken ' s secretary about setting up an interview?> > if this is in any way "" not okay "" please just say so.> > see ya,> > john> >> date: fri, 30 mar 2001 11: 35: 03 - 0600> > from: robert darden> > subject: yo!> > x - sender: "" robert darden "" (unverified) >> to: j _ martin @ baylor. edu> > organization: the door> > x - mailer: mozilla 4. 04 [en] c - flashnet (win 95; i) >> >> hi john - - i enjoyed our meeting yesterday. this looks very promising.> > meanwhile, as i mentioned at the table, i ' m getting a little nervous> > about the book that is due june 1.> > one of the names on our "" wish "" list of interviewees for "" the business of> > heaven "" is ken lay at enron.> > would it be possible for you to give me a good name and address and phone number> > for mr. lay ' s office?> > and may i mention your name in the cover letter?> > i would be forever indebted. i might even buy the next lunch.> > bob> > p. s. thanks for sharing your concerns about church yesterday, too. i ' m> > genuinely sorry things didn ' t work out better and feel more than a> > little embarrassed that i didn ' t work harder to make you guys feel more> > welcome and connected. on the other hand, please know that mary and i> > will always love you and consider you both friends. i know you ' ll be> > happy at lake shore - - even as we miss you at 7 th!> >> john d. martin> carr p. collins chair in finance> finance department> baylor university> po box 98004> waco, tx 76798> 254 - 710 - 4473 (office) > 254 - 710 - 1092 (fax) > j _ martin @ baylor. edu> web: http: / / hsb. baylor. edu / html / martinj / home. html> >> > john d. martin carr p. collins chair in finance finance department baylor university po box 98004 waco, tx 76798 254 - 710 - 4473 (office) 254 - 710 - 1092 (fax) j _ martin @ baylor. edu web: http: / / hsb. baylor. edu / html / martinj / home. html"
ham,start appointment: unity / twenty seven / 02; hourahead hour: phoebe; no ancillary schedule awarded. no variance observe. log messages: parsing file - -> > o: \ portland \ westdesk \ california scheduling \ iso final docket \ 2002012705. txt
ham,"tom, please create a spotlight ticket for gas that commence flowing on single / 14 / 00 at 8: 30 am. the pertinent information be as follows: counterparty mtr. volume price greenwich time, iraqi national congress. 9814 500 mmbtu / d 100% if / hsc should you take in any questions, please give me a call. thanks, vlt x 3 - 6353"
ham,"ahoy young williams. where do you want to play golf on fri? i think something in north or east portland would cost cool. we definitely need to get a pony keg for the bbq friday afternoon. the note i sent at work is copied below. only a couple people have responded. later. - kuehn - - - - - original message - - - - - from: kuehn, m scott sent: tuesday, june 26, 2001 2: 56 pm to: szatkiewicz, jason m; staneff, matthew a; breuer, lisa a; nicholson, bradley a; hroncich, timothy b; mcguire, mike; junker, richard d; behunin, abigail j; greenfield, scott d; jarman, parry w; tseng, nancy h; maloney, paul; bunnell, lisa a; spike lee, ken; corless, preston l; lowell, randall w; hass, sam m; hess, mike j; billa, roberto a subject: timbers game this friday to all, the portland timbers are playing this friday evening. admission is ~ $ 5 and the game starts at 7 pm. these games are a blast and it would be fun if we could get a radical together. there will be a pre - party at my house from 5: 30 - sevener: 00. please let me know if you would like to go. also, please forward this message to anyone else in your team that would be interested. directions to my house and pge park are attach. directions to my house (we will be in the backyard ): portland quality / pge park info: - scott"
ham,"vince, i shipped you the paper along with my note to don. however, i wanted to share with you what i smell are the remaining "" to dos "". specifically, 1. we need to document carefully the forces that were behind the original transformation of enron. specifically, the fallout from deregulation (take or pay contract defaults, etc. ), the impact of the losses from the vegetable oil trading operation, the nationalization of the peruvian pipeline, and the leveraging up to stand off the carl ichan takeover attempt. 2. we need to complete / beef up the network strategy section. 3. finally, the concluding section needs to be carefully crafted to "" hammer home "" the basic principles underlying the transmutation. what do you think? hope you have a great weekend. john john d. martin carr p. collins chair in finance finance department baylor university po box 98004 waco, tx 76798 254 - 710 - 4473 (office) 254 - 710 - 1092 (fax) j _ martin @ baylor. edu entanglement: http: / / hsb. baylor. edu / html / martinj / home. html"
ham,"vince, included exist the rest of the prices for 4 th and 5 th generation trucking rig - submersibles in the gulf of mexico. the lonesome extra data is from sept 99 through dec ic. chris and one look forward to your analysis on tuesday."
ham,"vince, i am going to have the team look at the problem. hopefully it will be an easy fix. otherwise, we can work off the worksheet that you fill in over the weekend. you have my cell number if you have any questions. norma villarreal 713 - 598 - 1545 vince j kaminski 01 / 19 / 2001 06: 09 postmortem to: norma villarreal / hou / ect @ ect cc: vince j kaminski / hou / ect @ ect subject: merit increases norma, it seems that on that point is a bug in the system. i made an error mixing equity and merit raises in one column. the system does not allow me to correct the mistake by moving the entries from one column to another. i can enter the changes, but after i save them the system retrovert to original designations. as a result, the columns contain mixed entries related to merit and equity raises. the column totals are misleading. i am taking a csv version home to continue making adjustments. i shall work at home monday (281 367 5377 ). vince"
ham,start engagement: one / 24 / 02; hourahead hour: fifteen; no ancillary agenda present. no variance detected. log message: parsing file - -> > type o: \ portland \ westdesk \ california scheduling \ iso last schedules \ 2002012415. txt
ham,"it appears that things are filling up fast. among the open topic listed, "" techniques for the clarification and quantification of operational risk within the energy industry "" and "" var, stress testing, and extreme value theory within an enterprise risk management framework "" seem to be the best. we have liberty to suggest our own topic, maybe along the lines of asset / liability management. do you have a preference? - kevin k. - - - - - - - - - - - - - - - - - - - - - - forward by kevin kindall / corp / enron on 08 / 08 / 2000 04: 20 pm - - - - - - - - - - - - - - - - - - - - - - - - - - - "" paul bristow "" on 08 / 08 / 2000 10: 28: 37 am please respond to "" paul bristow "" to: cc: subject: enterprise risk management conference dear kevin, ? following our telephone conversation, please find attached a summary of topics proposed for inclusion in the forthcoming enterprise risk management conference. last year the event attracted over eighty delegates and more than are expected this year. the conference will be held in houston on thursday 16 th and friday 17 th november, with a pre - conference seminar on the fifteen th. as we discussed, i would be delighted to invite enron to lead a session. i would be happy to take any of the available sessions or if you have a academic session that you feel is currently missing from the programme, do not hesitate to make a suggestion. ? i have attached a file that gives an indication of the topics that have been identified so far. although i have bullet points for the sessions i would first like to identify interested parties and then work with them to develop a session that reflects their particular expertise and experience. i also think that by continuously developing the points we can make greater allowances for continuity between each participant. ? i look forward to speaking with you soon. ? yours sincerely, ? paul bristow, senior course and conference producer, eprm + 44 (0) 20 7484 9883 - maildoc. doc"
ham,"rick and ted, it looks more like foxes building chicken houses as pit to foxes guarding chicken houses. i shall send a message to bryan saying that the research has to look under the hood and examine the mechanics of the model in order to sign off on it. a dog and pony show is not sufficient. in any case, the decision to o.k. the model should not be left to ben and kirstee. please, let me know what your thinking is. vince - - - - - - - - - - - - - - - - - - - - - - forwarded by vince j kaminski / hou / ect on 11 / 10 / 2000 01: 31 pm - - - - - - - - - - - - - - - - - - - - - - - - - - - bryan seyfried 11 / 10 / 2000 03: 20 am to: vince j kaminski / hou / ect @ ect, steven leppard / lon / ect @ ect cc: ted murphy / hou / ect @ ect subject: var for enroncredit. com vince / steve - - we are going to the board in december to ask for formal limits. as you hump one of the key limits at the board level is value at risk. to that closing, it is imperative that you are comfortable with our approach for calculating var. we have implemented a third party risk system which holds all of our positions and are in the process of putting the debt positions in. the system has a var engine which is being demo ' d by the vendor today. ben and kirstee are attending the demo and if they find the technology acceptable, i propose moving forward with implemantion of the faculty. pls. let me know if this sounds reasonable and how you would envision implementing. thanks"
ham,"tie represent the weekly deal report for 9 / thirteen / 01 - 9 / 19 / 01. lex carroll enron east power marketing, iraqi national congress. midwest origination 713 - 853 - 5426"
ham,"vince, as a reminder, i am hoping that you sack identify a speaker for my stratum at ut on genuine options (perhaps you! ). i look forward to hearing from you. jim james s. dyer fondren centennial chair in business department of management scientific discipline and information systems cba 5. 202 the university of tx at austin capital of texas, texas 78712 - 1175 email: j. dyer @ bus. utexas. edu telephone: 512 - 471 - 5278 fax: 512 - 471 - 0587"
ham,"margaret, please find attached file with cinergy prices (lowest day of the month) starting 1998 to date. i have also included daily price for the same period just in case you might need it. the source of the data is megawatt daily price survey. note that prices exist given as common low and common high which means that data was gathered through representative sample survey. please let me know if you need any additional data. regards, elena vince j kaminski @ ect 02 / 27 / 2001 05: 41 pm to: elena chilkina / corp / enron @ enron cc: kevin g moore / hou / ect @ ect, vince j kaminski / hou / ect @ ect, margaret carson / corp / enron @ enron subject: cinergy monthly prices 1998 to date elena, can you, please, help wiht this request? kevin, please, call me if elena is not in the office on wednesday. vince - - - - - - - - - - - - - - - - - - - - - - forward by vince j kaminski / hou / ect on 02 / 27 / 2001 05: 40 pm - - - - - - - - - - - - - - - - - - - - - - - - - - - margaret carson @ enron 02 / 27 / 2001 09: 15 am to: vince j kaminski / hou / ect @ ect cc: kathryn corbally / corp / enron @ enron subject: cinergy monthly prices 1998 to date from your historical databases can you kindly have someone send me and kathleen corbally the 12 month (either last day of month or monthly average, whichever you have available) cinergy prices for 1998 to date. .. for an investor relations slide we are working on? ? thanks a lot. .. margaret"
ham,"i am sorry. .. .. . as per message below we are changing it to friday at 9: 00. vince j kaminski 10 / 24 / 2000 04: 43 pm to: jennifer burns / hou / ect @ ect cc: vince j kaminski / hou / ect @ ect, shirley crenshaw / hou / ect @ ect subject: re: meeting re: wharton strategy jennifer, i can rearrange some other meetings. thursday, oct 26 @ 3: 00 works for me. vince jennifer burns ten / 24 / 2000 04: 14 pm to: michele nezi marvin / enron communications @ enron communication, mark palmer / corp / enron @ enron, cindy derecskey / corp / enron @ enron, vince j kaminski / hou / ect @ ect, shirley crenshaw / hou / ect @ ect, beth miertschin / hou / ect @ ect, christie patrick / hou / ect @ ect, kristin gandy / na / enron @ enron cc: subject: meeting re: wharton strategy lets try for friday, october twenty seven @ 9: 00 am, please let me know if you are available. thanks! - - - - - - - - - - - - - - - - - - - - - - forwarded by jennifer burns / hou / ect on 10 / twenty four / 2000 04: 07 pm - - - - - - - - - - - - - - - - - - - - - - - - - - - jennifer burns 10 / 23 / 2000 11: 08 am to: michele nezi marvin / enron communications @ enron communications, sarah mulholland / hou / electroshock @ ect, mark palmer / corp / enron @ enron, kristin gandy / na / enron @ enron, beth miertschin / hou / ect @ ect, christie patrick / hou / electroconvulsive therapy @ ect, jeffrey a shankman / hou / ect @ ect, vince j kaminski / hou / ect @ ect cc: subject: meeting re: wharton strategy jeff shankman would like to have a meeting re: wharton strategy. please let me know if you would be available thursday, october 26 @ 3: 00. i will get back with everyone to confirm a location. thanks! jennifer"
ham,"darren, i received another invoice for september production for blue dolphin. be we responsible for transportation fees for september and next product months? also, do the dehydration fees (mei) apply to aep as well? currently, the august invoices have not embody paid. if ena upstream is not responsible, let me know who / where i should forward the invoices. - - - - - original message - - - - - from: olsen, michael send out: friday, october 05, 2001 1: 18 pm to: beale, antoinette subject: re: blue dolpin august 2001 we have no activity with blue dolphin. this throw got to be aep, old hpl business organisation. - - - - - original message - - - - - from: beale, antoinette sent: friday, october 05, 2001 11: 39 am to: olsen, michael cc: chance, lee ann subject: blue dolpin august 2001 mike, i have received an invoice from blue dolphin for august 2001. nothing is scheduled in ena or upstream for august production. let me know your thoughts on the matter. thanks!"
ham,modern additions.
ham,"iso market participants: sc settlement contacts: attached is the sum up of small town for the may, 2001 invoice.> guest coition communications crcommunications @ caiso. com"
ham,teco water tap 20. 000 / enron; 64. 583 / hpl iferc ls hpl lsk ic 20. 000 / enron
ham,"i have inputted the spot deals into system and added the sitara ticket no to the below list. i have yet to do the gasper rice deal ticket. vance l taylor @ ect 04 / 25 / 2000 05: 23 pm to: tom acton / corp / enron @ enron cc: julie meyers / hou / ect @ ect, lisa hesse / hou / ect @ ect, susan smith / hou / ect @ ect, donald p reinhardt / hou / ect @ ect, melissa graves / hou / ect @ ect subject: tom, hplc will be purchasing wellhead gas from the producers listed below for the production month of whitethorn. this production will be purchased on a "" spot "" basis and deal tickets should be created and entered into sitara based on the following information: counterparty meter volume price engage energy us, lp 5839 # 252058 598 mmbtu / d 100% if / hsc less $ 0. 20 engage energy us, lp 5848 # 252059 285 mmbtu / d 100% if / hsc less $ 0. 20 engage energy us, lp 5923 # 252060 671 mmbtu / d 100% if / hsc less $ 0. 20 engage energy us, lp 6801 # 252061 i, 157 mmbtu / d 100% if / hsc less $ 0. 20 el sordo gathering 6315 # 252062 103 mmbtu / d 70% if / hsc swift energy 2630 # 252063 21 mmbtu / d 90% if / hsc less $ 0. 258 eex corporation 6500 # 252064 1, 778 mmbtu / d 95% if / hsc eex corporation 5999 # 252065 14, 000 mmbtu / d 95% if / hsc additionally, samson lone star lp reduce its working interest in contract (# 96016761) to 33. 375% effective 3 / 1 / 00. the remaining 66. 625% working interest was sold to gasper rice, ltd. hplc amended and ratified the contract effective 3 / 1 / 00. the term of the contract has not been extended as of yet and is presently in an "" evergreen "" status with 100% of the volumes allocated to samson lone star. based on the aforementioned information, please create a sitara deal ticket for the following: gasper rice, ltd. 6722 lmmbtu / d 95% if / hsc less $. 09 apr & may months evergreen price thanks, vlt x 3 - 6353"
ham,"daren i guess i need help with this too! love you - - - - - - - - - begin forwarded message - - - - - - - - - - from: tech - support @ service. juno. com to: subject: problems retrieving mail date: message - id: dear juno member, you have received messages with attachments which have non yet been downloaded to your computer. because the version of juno software you are currently using is not capable of handling attachments, these messages are still waiting for you on our server. these messages may fill your mailbox to its maximum capacity, preventing your account from receiving new mail. in order to receive the attachments, you will need to upgrade your juno software to version 4. zero. in addition to allowing you to retrieve all your messages, this new version carries many enhancements which you will find particularly useful when sending and receiving e - mail. if you have access to the world wide web, you can download the latest version of our software by visiting http: / / www. juno. com / upgrade. if you are unable to download from the web, you can order a new cd - rom from us by calling 800 - try - juno. please be aware that your messages with file attachments will be kept on juno ' s central computers until you download them. however, once your mailbox has reached the maximum size limit for attachments, we will be unable to accept new incoming mail for you. this may cause you to miss some of your e - mail, so we encourage you to install the latest version of the juno software. your e - mail messages will be download to you on your first connexion after your upgrade. thank you for using juno. we appreciate your continued support. best regards, technical support juno online services, iraqi national congress. - - - - - - - - - end forwarded message - - - - - - - - - - you ' re paying too much for the internet! juno now offers free internet access code! try information technology today - there ' s no risk! for your free software, visit: http: / / dl. www. juno. com / get / tagj."
ham,"mike, i show you pathed deal 951474 on 8 / 23 / 01 for production months january and february 2001. this passel expired 12 / 31 / 00, and the late pathing make make a bridgeback error for january and february 2001."
ham,start date: 1 / xxx / 02; hourahead hr: 20; no auxiliary schedule awarded. no variances detected. log messages: parsing file cabinet - -> > o: \ portland \ westdesk \ golden state scheduling \ iso concluding agenda \ 2002013020. txt
ham,"as agreed at last thursday ' s integration team meeting, please send the names of your enron integrating counterparts. i need these names asap so we can start to include enron in the thursday, 10: 00 am est / 9: 00 am cst weekly meetings. so far we have received the names from mkt. risk / credit risk only. .. .. .. p. s. call in number for thursday ' s call is: 1 - 203 - 719 - 0070 pin 553815 free phone in usa 1 - 877 - 315 - 5218 pin 553815 save this number it will be used for all future integration team meetings. rgds mark visit our website at http: / / www. ubswarburg. com this message contains confidential information and is intended only for the individual named. if you are not the named addressee you should not disseminate, distribute or copy this e - mail. please notify the sender at once by atomic number 99 - mail if you have received this e - mail by mistake and delete this e - mail from your system. e - mail transmission cannot be guaranteed to be secure or error - free as information could be intercepted, corrupted, lost, destroyed, arrive late or incomplete, or contain viruses. the sender therefore does not accept liability for any errors or omissions in the contents of this message which arise as a result of e - mail transmission. if verification is demand please request a hard - copy version. this message is provided for informational purposes and should not be construed as a solicitation or offer to buy or sell any securities or related financial instruments."
ham,trade date business deal cnt 10 / 6 / 2001 xvii 10 / heptad / 2001 42 10 / 8 / 2001 4884 10 / 9 / 2001 4980 10 / 10 / 2001 5846 10 / 11 / 2001 5560 10 / 12 / 2001 5934 10 / 13 / 2001 16 10 / 14 / 2001 15 10 / 15 / 2001 5159 10 / 16 / 2001 6676 10 / 17 / 2001 7090 10 / 18 / 2001 7091 10 / 19 / 2001 7762 10 / 20 / 2001 3 10 / 21 / 2001 31 x / 22 / 2001 7419 10 / xxiii / 2001 8081 10 / 24 / 2001 6911 10 / 25 / 2001 8038 tenner / 26 / 2001 6533 10 / 27 / 2001 11 10 / xxviii / 2001 4 10 / 29 / 2001 6660 10 / 30 / 2001 5461 10 / 31 / 2001 6617 11 / 1 / 2001 6320 11 / 2 / 2001 5633 11 / 3 / 2001 42 11 / 4 / 2001 18 11 / 5 / 2001 6101
ham,"vince, i just wanted to tell you that i am looking forward to being there again and thank you for giving me this opportunity to contribute and learn. official starting dates (as i was told by a vasant shanbhogue> subject: re: summer internship> >> >> cantekin,> > the summer associate program has closed just i shall check to see> if i can gravel one extra place.> > vince> >> >> >> "" cantekin dincerler "" on 03 / 28 / 2000> 11: xlviii: 53 am> > please respond to cantekin @ mail. utexas. edu> > to: vkamins @ ect. enron. com> cc: (bcc: vince j kaminski / hou / ect) > subject: summer internship> >> > hi vince,> > i am writing you at this time to inquire as to the potential> of renewing my> internship at enron for the summer of 2000.> > while the date of my postulation is later than i would have> wished, the reason> is that i had originally planned to go back to turkey this> summer and get> my mandatory military duty done. however, i now realize i can> invest it off to> a further date. that left me wondering if you believe there> is a project> that i can get involved in this summer and be useful. if that were the> case, i would be more than happy to prorogue my military duty> and spend the> summer with the research group. i discussed this with dr.> ronn, and he is> very supportive of this idea.> > i apologize again for bringing up this way out belatedly, and look forward to> hearing from you.> > best regards,> > - - - - - - - - - oooo - - - - - oooo - - - - - - - - - -> cantekin dincerler> > doctoral candidate> the university of texas at austin> graduate school of business> department of finance> office: (512) 471 - 1676> fax: (512) 471 - 5073> home: (512) 472 - 5356> http: / / uts. cc. utexas. edu / ~ cantekin> - - - - - - - - - - - - - oooo - - - - - oooo - - - - - - - - - -> >> >> > >"
ham,"received the following additional information late yesterday from speaker hertzberg ' s chief of staff regarding direct access in the legislation working its way through the assembly. he relayed the information during an informational hearing that an assembly committee had on the bill yesterday in sacramento. see previous note attached below for more a detailed description of da provisions in the bill: a new print of the bill is likely to be issued today. with respect to da, the governor is apparently responsible for the temporary suspension of da in the bill. assembly ds and other market participants lobbied him hard, explaining that, since the bill covers all costs of bonds and dwr contracts through "" exit fees, "" there is no reason to suspend da. the regulator is resisting hard, stating that "" he wants time for the market to stabilize. "" so it looks like the governor ' s plan is to 1) have a bill that provides for direct access as of 1. 1. 03 and 2) have the puc "" temporarily suspend "" da from september 1 to 1. 1. 03. we ' re continuing to work with with business customers to eliminate, or significantly shorten, the suspension. the bill apparently will also have amendments stating that any customer who have switched by august 23, 2001 (yesterday) will not be responsible for any dwr going forward contracts. the customer will have to pay for any power consumed that dwr purchased on the ious ' behalf between jan 17 and the date of the switch. the bill obviously will require that any customer switching between yesterday and sept 1 be responsible for dwr going forward contracts (though details of how that would work were not clear ). the stated reason for wanting to insert an amendment on the august 23 rd date is to prevent a "" rush "" to direct access between now and sept 1. there are currently no efforts to break or othewise dissallow any contracts signed prior to sept 1. finally, the bill apparently will also give self - generation priority over direct access in each "" open season. "" the bill would set aside 250 mw of the short position each year for customers to do self gen. if the self gen is not subscribe, the mws would go to da. the bill, including these amendments and other amendments related to other issues, is supposed to be released today. the bill will be heard in the assembly committee on monday afternoon. we continue to work with the business customers to improve the da and self gen provisions. it remains unclear whether there is sufficient support for the bill to pass the assembly. the politicians are very reluctant to pass any "" edison bail out bill "" and the political pressure not to vote on any "" bailout "" is significant and growing. but the governor is working the bill very hard. mirant is actively working against the bill. mirant is passing around a poll allegedly showing that any member that votes for a "" bailout "" could lose re - election. mirant is also distributing a letter implicitly threatening to take edison into involuntary bankruptcy if the bill passes. the bill also has to make it through the senate. our lobbyist had a conversation yesterday with the senate president, john burton, who said flatly that "" he ' s not doing anything. "" but there is much to trade in the final weeks of the session, and the possibility of burton doing a deal is 50 - 50. with respect to the bill ' s provisions preventing edison from paying wholesale providers with the "" dedicated rate component "" included, edison representatives at the hearing yesterday announced that edison intends to issue first mortgage bonds to pay the suppliers. edison also said that, under the assembly version of the bill, edison believes that it would have the borrowing capacity to issue the first mortgage bonds. more info to follow as it becomes available. if anyone has any questions, don ' t hesitate to contact me. best, jeff - - - - - original message - - - - - from: dasovich, jeff sent: wednesday, august 22, 2001 8: 08 pm to: [dasovich, jeff] subject: latest legislative version of direct access - - 08. 22. 01 the following is a summary of the direct access provisions in the bill language released this afternoon reflecting the deal that davis cut with assembly. things are very fluid and these provisions could change significantly. i was just informed by the large business customers that they just met with the davis ' and hertzberg ' s staff and the staff have agreed to amend the da provisions to make them considerably more favorable for customers and suppliers. they also said that favorable provisions with respect to self - gen would also be added to the bill. they said that these new amendments could come out as early as tonite or tomorrow morning and that the bill may be heard tomorrow. note: in addition to the da provisions, the bill also includes provisions that 1) explicitly recognize the px credit as part of edison ' s undercollection, and 2) permit edison to pay debts associated with the negative px credit. (the bill does not authorize edison to pay power suppliers, however, and leaves that portion of edison ' s debt for edison ' s management and shareholders to address.) summary of direct access provisions: the program would begin january 1, 2003. it ' s unclear what would happen to da between now and january 1, 2003. presumably, the decision to suspend, or not, between now and then would stay with the california puc. 90 days after the effective date of the bill, and every 6 months thereafter, dwr would provide information to the puc showing the net short position. every 6 months, the puc would hold an open season permitting customers to switch to da. 20 kw - and - above customers would have 60 days to decide to switch once the puc has announced the open season; under 20 kw customers would have 180 days. customers who switch to da would be responsible for paying 1) the customer ' s proportionate share of the utility ' s undercollection and 2) the customer ' s proportionate share of dwr ' s receivables (if any) for power previously delivered by dwr (but not yet fully paid for by customers ). in addition, if the number of customers who elect to choose to go da in the open season exceeds the net short, then da customers will have to pay their proportionate share of any dwr stranded contract costs. if the number of da customers does not exceed the net short position, then no stranded contract cost fees would be assessed. best, jeff"
ham,"date: 19 - dec - 2001 thank you for expend register. com, your first step on the web the following domain name (s) have been successfully registered: ubsenergy. com invoice louise nettelton 2137 chilton road houston, tx 77019 us customer order code: 6968345 from: register. com 575 8 th avenue new york, ny 10018 united states billing inquiries: phone: toll free in the u. s. and canada: (800) 899 - 9723 outside the u. s. and canada: + i (902) 742 - 1466 online: http: / / www. register. com / create _ ticket. cgi e - mail invoice for domain registration / renewal please see attached detailed instructions and registration agreement. register. com is in receipt of valid credit card info for payment and confirms the following: domain name: ubsenergy. com subscription length: 2 twelvemonth (s) period from: 19 - dec - 2001 period to: 18 - dec - 2003 club id: 20212527 amount charged (us $ ): $ 70. 00 registrant agrees to the terms and conditions of the current services agreement found at"
ham,"sally / beth, as we discussed when i was in houston i take put together a draft on rating methodology changes and model approval. i had a meeting arrange for today to go through my proposal with ted murphy and tani nath (she heads up research and structuring here in greater london) but ted cancelled at the last minute (again ). tani and i met and are broadly in agreement, but before we can go any further we need ted ' s input. he is now away for 2 1 / 2 weeks so there is going to be no further progress on this front. in the mean time i would appreciate your comments on what i have put together. i would prefer it if it is not circulated around houston at this stage until i can accurately say that ted is happy from a global rac perspective. likewise i still need to get houston research comfortable but i am going to wait until ted receive had a chance to add his feedback so i can at least say that it is solely houston research that is outstanding. others will also need to be consulted (and i would like to agree a list of key people with you) but i can ' t see their being any material contention. can you? i am assuming that resourcing is likely to be an matter for you in houston (and it may well be here too) and this has been added to the outstanding list. i am envisaging that some of the risk management work could be completed as part of the curve validation if there are any questions or feedback please let me know. james"
ham,"content - transfer - encoding: 7 bit return - path: received: from rly - yco 3. mx. aol. com (rly - yco 3. mail. aol. com [172. 18. 149. 35] ) by air - yco 5. postal service. aol. com (v 76 _ rl. 8) with esmtp; fri, 06 oct 2000 14: 29: 58 - 0400 received: from smtp. stanford. edu (smtp. stanford. edu [171. 64. 14. 23] ) by rly - yco 3. mx. aol. com (v 75 _ b 3. 9) with esmtp; fri, 06 oct 2000 14: 28: 30 - 0400 received: from stanford. edu (dialup - 209. 245. 133. 121. sanjosel. level 3. net [209. 245. 133. 121] ) by smtp. leland stanford. edu (8. 9. 3 / 8. 9. 3) with esmtp id laaol 053; fri, 6 oct 2000 11: 28: 25 - 0700 (pdt) substance - id: date: fri, 06 oct 2000 11: 33: 46 - 0700 from: nick bambos x - mailer: mozilla 4. 7 [en] (win 98; i) x - accept - language: en, el mime - version: 1. 0 to: vince. j. kaminski @ enron. com, vkaminski @ aol. com, gappy @ stanford. edu subject: re: enron / stanford program references: content - type: text / plain; charset = us - ascii vince, i have managed to change my ticket and we can meet for dinner on sunday 10 / 15 / 00. shall we say at 7 pm?> >> > giuseppe: can you please join us for dinner on sunday 10 / 15. we ' d like to briefly discuss the project too. could i please ask you to make reservations for 3 at il fornaio or some other nice place in palo alto? preferably a quiet place where we can talk.> nick,> > dinner on sunday would work for me. i shall stay> in the bay area till monday morning.> > vince> > nick bambos on 09 / 28 / 2000 08: 33: 38 pm> > to: vince. j. kaminski @ enron. com> cc:> subject: re: enron / stanford program> > hi vince,> > i am on the technical program committee of the infocom 2001 conference,> and we are meeting in new york city on saturday, october 14 th, to select> papers for the conference program. i ' m leaving stanford on friday and> getting back on sunday.> > it mightiness be a possibility to have dinner together on sunday, if that would> work for you. in that case i would have to reschedule my flight to land> in sfo earlier than i ' m currently scheduled to land.> > would dinner on sunday work for you? any chance we can meet monday for> lunch?> > i look forward to seeing you.> > best regards,> > nick> > vince. j. kaminski @ enron. com wrote:> >> > nick,> >> > i shall be in stanford oct 14 - 15, visiting my family.> > i would be glad to meet you (and possibly giuseppe - your call) for> lunch.> > please, let mer know if you are free on one of these days. saturday would> > work better for me.> >> > vince> >> > nick bambos on 09 / 21 / 2000 02: 09: 46 pm> >> > to: stinson. gibner @ enron. com> > cc: vince. j. kaminski @ enron. com> > subject: re: enron / stanford program> >> > stinson,> >> > great! i ' m looking forward to a very productive collaboration.> > i ' ll immediately start doing giuseppe ' s papers, for him to work> > on the enron / stanford program.> >> > many thanks to you and vince, and i hope to see you soon at stanford> > or enron. if i remember correctly, vince is visiting stanford in> > october.> >> > best regards,> >> > nick> >> > stinson. gibner @ enron. com wrote:> >> >> > nick,> >> >> > i spoke with paul racicot, head of trading for ebs, north america this> >> morning. he said that he is happy to send the $ 100, 000 for your> program> >> from his budget. unity have forwarded to him the draft letter to> accompany> >> the funds and will try to follow up to make sure that the money is sent> >> promptly.> >> >> > - - stinson"
ham,"no - - - - - original message - - - - - from: bharati, rakesh sent: thursday, march 15, 2001 4: 42 pm to: port, david cc: kaminski, vince subject: raptors hi david, i would like to check with you just to be on the safe side. i left our last meeting with the impression that only naveen and i would be working together on the raptors. however, 1 heard from naveen earlier today and he want to include thomas (mark, i presume) in the coming together as well. 1 would like to ensure if that make up so your intention. please advise. thanks. rakesh"
ham,"my understanding is that lavo and fallon ok ' d this. if not i ' ll sort it out next week. - - - - - original message - - - - - from: kitchen, louise sent: sunday, december 09, 2001 5: 59 pm to: oxley, david; lavorato, john subject: fw: retention of select individuals shouldn ' t we have let this group go? why are we retaining them? - - - - - original message - - - - - from: tholan, scott sent: wed, december 05, 2001 10: 53 am to: labbe, anne; oxley, david cc: aronowitz, alan; kitchen, louise subject: retentiveness of select individuals anne and david, apparently some or all of my tac group are on the "" lay off "" list, effective today. we are working on a project that will require their presence until at least next week, longer for some. for now, please ensure the following ix individuals are on the retain notice until further notice: 1) chris clark 2) angie wingo 3) jason loup 4) junichi sugiura 5) brian mihura 6) richard boehm 7) dan orbeck ogdoad) don chancey 9) ken kooser thanks, scott tholan"
ham,"i be having trouble pulling in the demand billing for 6 / 00 on deal 157278 for $ one, 129. 09. the only matter that is different from may is that the demand volume be 0. i think it needs to be a 1 for the charge to come through with. please take a look. thanks, megan"
ham,start date: one / 19 / 02; hourahead hour: 14; hourahead schedule download failed. manual intervention required. log messages: parsing file - -> > o: \ portland \ westdesk \ california scheduling \ iso final schedules \ 2002011914. txt error: dbcaps 97 data: cannot do this operation on a closed database! !! unknown database. assumed name: dbcaps 97 data! !! unknown database. alias: dbcaps 97 data point! !! unknown database. alias: dbcaps 97 data error: dbcaps 97 data: cannot perform this operation on a closed database! !! unknown database. alias: dbcaps 97 data! !! unknown database. alias: dbcaps 97 information! !! unknown database. alias: dbcaps 97 data error: dbcaps 97 data: cannot perform this operation on a closed database! !! unknown database. alias: dbcaps 97 data! !! nameless database. alias: dbcaps 97 data error: dbcaps 97 data: cannot perform this operation on a closed database error: dbcaps 97 data: cannot perform this operation on a closed database error: dbcaps 97 data: cannot perform this operation on a closed database! !! unknown database. alias: dbcaps 97 data! !! unknown database. alias: dbcaps 97 data! !! unknown database. alias: dbcaps 97 data! !! unknown database. alias: dbcaps 97 data! !! unknown database. alias: dbcaps ninety seven data! !! unknown database. alias: dbcaps 97 data point! !! unknown database. alias: dbcaps 97 data error: dbcaps 97 data: cannot perform this operation on a closed database
ham,starting time date: ane / 31 / 02; hourahead minute: 19; no appurtenant schedules awarded. no variances detected. log messages: parsing indian file - -> > o: \ portland \ westdesk \ california scheduling \ iso final schedules \ 2002013119. txt
ham,"hi john, as per our discussion and e - mails, i am suggest the undermentioned dates for the subject offsite: april 14 & 15 th (friday & saturday ). place and agenda to follow once this date is nailed up. the heads of each group will decide who will take care. we would also invite kevin hannon, scott yeager, tom gros, ted seitz and jean mrha once the dates and agenda are agreed upon by the technical folks. as before, the idea is to introduce the two of the most technical groups within enron and to exchange ideas and issues. the enron research team leave provide trading and modeling presentations and the optical network engineering team will present networking and components related topics. take away from the two days will be to supply john griebling ' s group with better understanding about how the trading markets have developed in general and energy markets in particular via enron (i. e. , how the blimp was made! ). likewise, john ' s group will provide us with better understanding of optical networking from a technical perspective. particularily, how ebs is planning to develop the puplic switched optical network (pson) that john has ' branded ' our pooling point based network! please reply asap if these two days (april 14 & 15) will work. additionally, john, is the original suggestion to hold it in scott yeager ' s cabin somewhere up in colorado mts. still holds? if yes, i should probably let scott know! if not, i ' ll try to find other places - - any suggestions, anyone? regards, ravi."
ham,"i talked to each of you a couple of weeks ago, and this topic got pushed aside due to some other pressing issues. however, each of you agreed that a standard cutoff time was acceptable for us gas, power and liquids products. the best option will be to harmonize to cutoff at 4 pm each day (just to get an idea of the numbers we were talking about, i looked at yesterday to determine how many deal were traded after 4 pm houston time. we had three us accelerator pedal deals, and two canadian gas deals ). after 4 pm, the bridges would automatically roll new eol deals to the adjacent day. however, for those deals that do not bridge after 4 pm, the various risk groups would need to remember that these deals are the following day ' s business. i am not sure how the procedures in risk of infection would need to be modified for the trader ' s position reports, as the official books would not include these late deals. can risk run supplemental reports to ensure that the desks have accurate positions each morning? i would appreciate any comments that you may have, and regardless, please re - confirm that a cutoff of 4 post mortem works for each of your respective groups. sheri x 36557 mike - any potential problems with the dpr? peggy - we discussed briefly a few weeks back. .. any thoughts?"
ham,the california litigation team hebdomadal conference call will be held today from 2: 00 to 3: 00 p. g. key time. domestic dial in number: 1 - 800 - 713 - 8600 external dial in number: one - 801 - 983 - 4017 passcode: 56871 host: mark haedicke janette elbertson enron wholesale services legal department - exabyte 3326 telephone: (713) 853 - 7906 fax: (713) 646 - 2600 e - mail address: janette. elbertson @ enron. com
ham,teco pat 80. 000 / hpl gas daily
ham,vince / tanya: i interviewed charles today x: 30 am. here are my impressions: 1) fantabulous professional and managerial experience. ii) very good technical background. address valuation and model implementation 3) promisses to fit very well into the group ' s culture. the only issues i see constitute that he would have to leave a high level position at his current employee. paulo issler
ham,"tatiana - after researching these three deals, we ' ve found that our group does not have access to reliable third - party documentation to support their occurrence. because there are no real time confirmation letter, and no nerc tags were done for hourly deals at the beginning of this year, it falls to cash invoices to support the validity of real time deals. i ' ve spoken with stacey white, in houston ' s risk group, and she explained to me that there are documents our settlements group can access that may provide the information you need. i ' m sorry to keep sending you from group to group, but i ' ll be more than happy to help you get ahold of people who can provide you with relevant deal documentation. please let me know if you have any questions. thanks, kate symes real time trading support 503 - 464 - 3939 - - - - - original message - - - - - from: tatiana. v. waxler @ us. andersen. com @ enron [mailto: imceanotes - tatiana + 2 ev + 2 ewaxler + 40 us + 2 eandersen + 2 ecom + 40 enron @ enron. com] sent: wednesday, june 27, 2001 10: 44 am to: symes, kate subject: power trading audited account request kate, i was referred to you by cara semperger in regards to obtaining support for the following west hourly deals: deal # 507713. 1 deal # 528572. 1 deal # 566541. 1 to complete our testing process we need to see 3 rd party support (such as nerc tag support or 3 rd party invoice) for the deals mentioned above. since we are in the final stage of our audit, your prompt attention to this matter would be greatly appreciated. please call me directly at (713) 646 - 6335 if you have any questions. thank you! tatiana * * * * * * * * * * * * * * * * * * * internet email confidentiality footer * * * * * * * * * * * * * * * * * * * privileged / confidential information may be contained in this message. if you are not the addressee indicated in this message (or responsible for delivery of the message to such person ), you may not copy or deliver this message to anyone. in such case, you should destroy this message and kindly notify the sender by reply email. please advise immediately if you or your employer do not consent to internet email for messages of this kind. opinions, conclusion and early selective information in this message that do not relate to the official business of my firm shall be understood as neither given nor endorsed by it."
ham,"todd, let ' s work up a plan tomorrow for jeff gossett ' s managers before the completion of your survey. if your schedule does not allow it please recommend someone in comp. who can help or please provide guidance for alternatives. thanks for your help. hgm - - - - - - - - - - - - - - - - - - - - - - forwarded by hector mcloughlin / corp / enron on 10 / 10 / 2000 06: 02 pm - - - - - - - - - - - - - - - - - - - - - - - - - - - from: sally beck @ ect 10 / 10 / 2000 05: 57 pm to: hector mcloughlin / corp / enron @ enron cc: subject: retention plan for four managers hector: the key employees that jeff has identified are senior specialists, with the exception of will kelly. if you remember, these are the risk employees that i was concerned about when steve jackson tendered his letter of resignation. steve will be taking a similar role with a competitor, and information technology is not inconceivable that he might approach some enron employees to join him and help ensure his success with his new employer. we don ' t want this to happen. waiting until the end of november to implement an effective retention plan does not make sense. please call me tomorrow and let ' s talk about how we can jump start this. thanks. - - sally - - - - - - - - - - - - - - - - - - - - - - forwarded by sally beck / hou / ect on 10 / 10 / 2000 05: 39 pm - - - - - - - - - - - - - - - - - - - - - - - - - - - enron due north america corp. from: jeffrey c gossett 10 / 10 / 2000 05: 38 pm to: sally beck / hou / ect @ ect cc: subject: retention plan for four managers - - - - - - - - - - - - - - - - - - - - - - forwarded by jeffrey c gossett / hou / ect on 10 / 10 / 2000 05: 38 pm - - - - - - - - - - - - - - - - - - - - - - - - - - - enron compass north america corp. from: hector mcloughlin @ enron 10 / 09 / 2000 10: 26 am to: jeffrey c gossett / hou / ect @ ect, todd burke / sodium / enron @ enron cc: depicted object: retention plan for four managers jeff, i spoke with todd burke regarding a retention strategy for the managers we talked about. he told me that he would make a recommendation after he completes the pay practices survery by mid - november in order to accurately compensate them. he is concerned that we may present an inaccurate plan for retention without market data. if this make up a very urgent issue for you please let us know. if you suspect that the managers are being made offers then please let us know. hgm"
ham,"bill - kate and i are still working on mpc ' s march checkouts. that was the messy month that we had discrepancies almost every day and i sent out a big e - mail to the whole group and listed problems with the name of who was on shift that day. when we finish the mpc checkout, you should see a credit for $ 5360. 00 for the purchase side. thanks, old dominion state - - - - - original message - - - - - from: williams iii, beak sent: tuesday, july 03, 2001 10: 43 am to: chang, fran cc: thompson, virginia subject: re: pma ' s fran, if this deal was zeroed out (and it has been after the fact ), then we should also have received a quotation for no longer buying from mpc (the other side of the deal, deal # 549160 ). we should only lose $ 40 (the net difference ). any ideas? thanks, bill from: chang, fran sent: tuesday, july 03, 2001 10: 05 am to: williams iii, bill; homer a. thompson, virginia subject: re: pma ' s virgina and bill: during our month - end processes i have researched deal # 549162. 1. the counterparty did change as bill pointed out, but what makes you suffer a loss in the prior month adjustments was due to the volume being zeroed out for he 3. originally the deal liquidated with he 3 (40 mwh * $ 135 ), he 4 (15 mwh * $ 135 ), and he 5 (20 mwh * $ 135 ), but on 4 / 19 / 2001 the volume for he 3 was zeroed out in scheduling, which means originally you were given too much $ for the sale and therefore we are now taking that revenue you made in he 3 back. thanks, fran x 7973 - - - - - original message - - - - - from: williams iii, bill sent: tuesday, july 03, 2001 6: 31 am to: thompson, virginia cc: dunton, heather; yangtze, fran subject: pma ' s virginia, i have one question on this month ' s pma and some questions from last month. first, for deal # 549162, this deal was originally put in incorrectly as counterparty tacomasupp. this counterparty was then changed to tacomapubuit. why does a change in counterparty result in a loss of revenue? are we being charged for each counterparty again (like ees and st - cali last month ), if so, we need to fix this flawed putz. second, for last month, we determined that the wbom book needs a $ 108, 000 pma for change in price. the appropriate price is in enpower, but the revenue has never appeared (deal # 590753 ). remember, this deal was originally input as a buy at $ 320 and a sell at $ 30 and liquidated at these prices. the deal is now at $ 320 and $ 300. what do we need to do to get this trued up? please come see me with questions. thank you for your help. bill"
ham,"attached is ferc ' s military press release on southern rto. the ferc did the right thing in not approving this rto, but clearly they missed a golden opportunity to mandate gridsouth and southern rto joining together. another signal that more pressure is required to get ferc to open up these transmission markets. jim - - - - - forwarded by james d steffes / na / enron on 03 / 17 / 2001 11: 28 am - - - - - christi l nicolay @ ect 03 / 15 / 2001 xi: 11 am to: ozzie. pagan @ enron. com, heather. kroll @ enron. com, david. fairley @ enron. com, george. mccormick @ enron. com, wjennin @ enron. com, joseph. wagner @ enron. com, elizabeth. johnston @ enron. com, bill. rust @ enron. com, reagan rorschach / na / enron, edith cross / hou / ect @ ect, berney c aucoin / hou / ect @ ect, jennifer bagwell / sodium / enron, billy braddock / na / enron, joe connor / na / enron @ enron, tom chapman / hou / ect @ ect, james d steffes / na / enron @ enron, ron mcnamara / na / enron @ enron, mike roan / enron @ enronxgate, thane twiggs / enron _ development @ enron _ development, rogers herndon / hou / ect @ ect, john m forney / na / enron @ enron, mike carson / corp / enron @ enron, laura podurgiel / hou / ect @ ect, richard shapiro / na / enron @ enron, steven j kean / na / enron @ enron cc: subject: ferc ' s press release re: southern rto the federal energy regulatory commission rejected two key elements of southern company services, inc. ' s proposed regional transmission organzation (rto) and encouraged the company to explore joining neighboring utilities in an rto for the southeast. the commission did not act on other issues raised by southern. southern ' s proposal for a for - profit gridco (grid company) that would include only new wholesale transmission services and give the benefits of certain rate incentives going to others rather than the rto operator are inconsistent with ferc ' s rto policy, the commission said. nether southern ' s proposal, existing possessor ' transmission facilities related to bundled retail service or native load would not be under the gridco ' s control. as a result, the vast majority of total transmission load would not be under the rto ' s tariff, operation or direction. the rto rule requires all transmission facilities operate under the transco. in addition, southern could not plan, design and operate a regional grid in a manner that maximizes efficiency if the transco controlled only a small part of the rto load, the commission said in rejecting southern ' s proposal. as an alternative to filing a revised rto proposal, the commission asked that southern consider joining neighboring utilities in an rto in the southeast. the commission directed southern to file a reputation by july 13, 2001, on progress in forming a southeastern rto."
ham,"clarissa - thanks therefore much for all your help with this pipe! everything looks great. i just have a couple of paths that i need to finish it: january 2000 - i need deal # 854688 pathed for epgt and for tetc. according to the invoice, we should have 11, 129 dth on the interconnect. february 2000 - i need deal # 871184 pathed for hpl and chan. hpl should have terzetto, 600 dth and chan should have 11, 500 dth on the interconnect. july 2000 - deal # 871172 has an interconnect issue. according to mops contract # 105124, they receive 8, 275 dth on the matagorda 624, but according to epgt, they delivered 10, 362 dth to hpl (?) could this possibly need to be split somehow, or do you have any other ideas? let pine tree state know. thanks, gloria 3 - 7118"
ham,meter 980068 has a bridge back erroneous belief for 9 / 99 production. this meter is linked to deal 76365 which started on quaternary / 16 / 99 and ended on 4 / 30 / 99. please permit pine tree state know what deal should be use for this meter for nine / ic. i need to get this fault clear off by thursday. thanks.
ham,"vince: thanks for your time earlier this week; i ' m looking forward to your espeak issue. sarah and i touch with our etv contact yesterday, and we will be able to order a bulleted list on the elevator screen to advertise your espeak. please let me know what you would like us to post for you, and we leave do the rest! we also take plans to market specifically to the trader community here at enron, so you should get a high participation rate, especially from those groups. thanks, again. - er"
ham,"fyi - we ' ve added burke (mid - columbia river) as a fresh delivery point in enpower. atomic number 53 know some of you have already traded at this point, so if you accept a record of the deals you ' ve entered, it might be a good idea to go back and castigate the delivery point to record "" burke. "" thanks, kate"
ham,"lance schuler receive a few comments to the draft i circulated last night. once i receive those from him, i ' ll send around a new version. with regard to david ' s comments, i agree that we should be as specific as possible. that said, however, if we aren ' t certain that all counterparties will agree to those specific terms, then we may not want to make those promises in this document. mary jean - - what do you think? what did the creditors ' committee say about this today? michelle - - - - - original message - - - - - from: oxley, david sent: mon 12 / 24 / 2001 10: 46 am to: cash, michelle; ' mary. jean. potenzone @ weil. com ' cc: ' lance. schuler @ enron. com '; lavorato, john; kitchen, louise subject: re: the objective seems to have gotten alittle lost hither. we want the terms to be firm and as specific as the version we had on friday (although i take point about arbitration and vesting of rest stock - although we have to insert something in here ). bear in mind umbrella had agree to these terms and mark m and lance were to run them passed top gun. take for granted they did, seems to me it is reasonable to assume this be what the deal will actualy be (gig also mentioned creditor committee had seen umbrella ' s term sheet last week ). the covering memo should be explicit in asking the ee to confirm that if a deal was presented in substantially these terms, they would sign them. the wording needs to be tight and regardless of it ' s enforceability make above clear. in other words let ' s make it look as binding as we can. if we really can ' t do above let ' s say so and we can look at plan b. john, it may be best we can achieve here is an indicative draft which we talk with top 20 about and tee them up for real thing circa jan 10. however let ' s wait and see if we can get one more draft do for weds. david - - - - - - - - - - - - - - - - - - - - - - - - - - sent from my blackberry wireless handheld (www. blackberry. meshwork )"
ham,"shirley, 11: 00 am ca - time is fine (1: 00 pm tx - prison term ). i ' ll be at 650 725 - 5525. my cell phone number is 650 796 - 8163. please call me there if plans change. thanks, nick shirley. crenshaw @ enron. com wrote:> > hello nick:> > i agree e - mail is much easier.> > there is a two - hour time difference between calif and texas, i. e. , 1: 00 pm> texas time - 11: 00 am calif time.> > would tomorrow at 11: 00 am calif time be ok with you (1: 00 pm texas )?> this time is fine for vince, tom gros and stinson gibner.> > can they call you and if so, what number?> > please let me know.> > thanks!> > shirley> 713 - 853 - 5290> > nick bambos on 03 / 16 / 2000 12: 28: 58 pm> > to: shirley. crenshaw @ enron. com> cc: bambos @ stanford. stanford. edu> subject: re: visit to enron> > shirley,> > it ' s easier to communcate by e - mail, since i am moving from> meeting to meeting (but i have the laptop always with me ).> > please give me a phone number that i could call tomorrow.> what is the time difference between california and your> location? i think it ' s 2 hours (ca -> tx) - is that right?> > i can do the conference call any time from 9 - 11 ca time.> would that be ok on your side?> > thanks,> > nick> > vince. j. kaminski @ enron. com wrote:> >> > nick,> >> > we can close the loop on our commitment to support the research projects> > before your visit to enron.> >> > my assistant, shirley crenshaw, will call you to set up a conference> call> > with me, stinson gibner,> > and tom gros from enron broadband services to discuss all the isssues.> > friday this week would work for> > both uncle tom and me. i opine we need about 15 minutes.> >> > vince> >> > p. s. shirley, nick ' s phone number is 650 796 8163 (cell ), 650 - 725 - 5525> > (office ).> >> > nick bambos on 03 / 12 / 2000 05: 32: 35 pm> >> > to: vince. j. kaminski @ enron. com, bambos @ stanford. stanford. edu> > cc:> > subject: visit to enron> >> > hello vince,> >> > it was nice seeing you at stanford and many thanks for the lunch> > we had together. i really enjoyed our discussions, both at the> > technical level and otherwise.> >> > i promised to send you an e - mail regarding possible dates for> > a visit to enron. i delayed it for a week boulder clay my schedule was> > clearer. let ' s see if we can get a match with your schedule -> > mine is rather terrible:> >> > friday, 21 st of april looks good. but april 23 rd is easter> > sunday, so that may make it difficult for some people at enron> > to be around. let me know if that is the case. i am willing to> > visit then, because the week after that i am scheduled to be in> > japan and in the previous weeks i am all committed on fridays.> >> > friday, 19 th of may is the next possibility, but this probably> > is too far out. the main problem is that i am operating within> > a window of opportunity for attracting top students for this> > research. this window closes by the end of april, and it would be> > important for the student support funds to be in place then, so> > that i can make hard commitments to students and attract top> > talent. i am already reviewing files of students who have> > approached me for phd advising, and i am in a mode of doing "" soft> > commitments to star - level students "" to get this research and its> > potential on their radar screen. top scholar are highly sought> > after by advisors and i want to be an early player in this> > competition.> >> > does my visit to enron have to happen before we can set up the> > project and student support at stanford? if so, doing it before the> > end of april is important for getting top people. if the visit can> > happen after we get the ball rolling, then we can schedule it in may.> > i assume there will be multiple visits both ways when the project gets> > going. please let me know what you think.> >> > best regards,> >> > nick"
ham,"hi laura, i hate to keep bothering you about this, just we have to make a decision about the ny event. the hotel call for an answer by tues, october 9. if i don ' t hear from you by and so, i will have to proceed with canceling the room reservations. thanks. dorie sir alfred hitchcock event manager enron 1400 smith street suite 3640 a houston, tx 77002 telephone: (713) 853 - 6978 fax: (713) 646 - 5800 cell: (713) 594 - 7093 e - mail: dorie. hitchcock @ enron. com"
ham,"i have hired an ees manager (nick politis) to fill a mid - market role in east power. subsequent to hiring the campaigner, i learned from kim melodick that you and / or lavo may want to screen all commercial hires before extending offers. i spoke with dave duran before extending the offer. it is dave ' s understanding that you and john l. will screen director level and above. mr.. politis was interview by 6 commercial people from e. power. please allow me know if you have a problem with this issue. in addition, if you could provide guidance on commercial grade hiring protocol, i would appreciate it. hope this international relations and security network ' t an inconvenience. regards, erectile dysfunction"
ham,"if you be a director or officer of a non - us corporation within the enron chemical group, delight note the following: as you are aware, enron corp. and some of enron ' s subsidiaries have voluntarily filed for chapter 11 earlier this week. we are in the process of evaluating the effect of the filing on the company in which you serve as a director or officer. it is possible that the filing may trigger default or cross default provisions under contracts and other instruments to which your company is a party or otherwise subordinated. with that respect, we request that you do not take any steps to file for any local insolvency procedure until you have notified the enron in - house attorney with whom you normally work and also have spoken to chris mallon (christopher. mallon @ weil. com) or margarita coale (margarita. coale @ weil. com) or ram burshtine (ram. burshtine @ weil. com) at weil, gotshal & manges llp, phone number: + 713 546 5000 ). * * * * * * * * * * note * * * * * * * * * * the information contained in this email message is intended just for use of the individual or entity named above. if the reader of this message is not the intended recipient, or the employee or agent responsible to deliver it to the intended recipient, you are hereby notified that any dissemination, distribution or copying of this communication is strictly prohibited. if you have received this communication in error, please immediately notify us by telephone (212 - 310 - 8000 ), and destroy the original message. thank you."
ham,"print the "" west power position "" tab from each of the spreadsheets attached below. i have besides forwarded results of recent polling that was behave in california that i found very interesting. - - - - - - - - - - - - - - - - - - - - - - forwarded by tim belden / hou / ect on 03 / 16 / 2001 07: 59 am - - - - - - - - - - - - - - - - - - - - - - - - - - - from: janel guerrero @ enron on 03 / xvi / 2001 07: 21 am cst to: tim belden / hou / ect @ ect, christopher f calger / pdx / ect @ ect, elliot mainzer / pdx / ect @ ect, alan comnes / pdx / ect @ ect, paul george simon kaufman / pdx / ect @ ect, lysa akin / pdx / ect @ ect, susan j mara / na / enron @ enron, jeff dasovich / na / enron @ enron, sandra mccubbin / na / enron @ enron, joseph alamo / na / enron @ enron, hgovenar @ govadv. com, sgovenar @ govadv. com, bhansen @ lhom. com, ken @ kdscommunications. com, leslie lawner / na / enron @ enron, mary schoen / na / enron @ enron, richard shapiro / na / enron @ enron, john neslage / enron _ development @ enron _ development, james d steffes / na / enron @ enron, harry kingerski / na / enron @ enron, stacey bolton / na / enron @ enron cc: subject: executive summary - - ca statewide survey in order to keep today ' s polling presenation brief, atomic number 53 am sending everyone a copy of the executive summary which public opinion strategies is likely to spend the majority of time discussing. call if you have questions. thanks"
ham,here ' s some farseeing awaited stumble information. .. (view attached file: tahoe informatoin. dr.) (meet attached single file: tahoe. 40) - tahoe informatoin. doc - tahoe. xls
ham,"here is a followup to the memo sent on 12 / 31 / 99. fyi enron field services - has not been nominated since sep 99. have we stopped doing business on this pipe? (just an fyi -?) do we need to get this assigned? i can find old notes and taste to get this pathed if necessary. someone just needs to let me know. unresolved - appears to be unassigned? lavaca expense transport - this is offsystem gas that hplc transports for ena. ena has no nom at meter 1000 in pops for jan 1. unresolved midcon texas pipeline - there were deals left unpathed for jan 1 (and dec? ). i brokered and nominated the obvious but we seem to have x, 000 with transport contract to move this gas on and no sale to broker to. as it stands, it looks like we have a long position. who is this assigned to? i thought carlos was handling this one, but i could be wrong. unresolved channel industries pipeline - several issues here: 1. all deals with the exception of the long term transport expense were left unpathed for jan one. i viewed prior month transactions and pathed appropriately. someone needs to review for accuracy. also, there were deals that went to zero, that were nominated for january. resolved but needs to be verified. 2. we still do not have enough supply to meet our sales requirement. this issue has been left unsresolved since october 99. volume management cannot allocate was is not pathed and nominated. unresolved or unpathed? 3. there is a dealings for january that is once again not on our point specific transport contracts. (rec mtr 1 - 6366 10, 000 to del mtr 2 - 6203 10, 000 ). this is a pathed pipeline. we have no rate. we need to know the rate and whether one of the expense contracts needs to be amended for this transaction, we are not legally covered. carlos was handling this pipe in dec. who is this assigned to for jan? unresolved hpl operational - this shipper on hpl has been left unpathed for december and january 1. who is this assigned to? this can wait until we get back next week. if information technology is left unresolved, i will get it pathed when i return. i haven ' thymine had time to do this yet. if we haven ' t figured out the assignement then i will get to it asap."
ham,"ranabir is in global finance and works for deffner. he has been ranked by us since dec ic. i ' ll ask kim and tarsie to check. david - - - - - original message - - - - - from: kitchen, louise sent: thursday, july 05, 2001 3: 36 pm to: oxley, david subject: ranabir dutt exist this guy new? he is in none of my hr files at all and appear on the prc mesa. world health organization does my files now? tarsi stopped."
ham,"just fyi, the following transaction expires february 29, 2000: transaction # little joe 5, 000 / day leontyne price = 2. 71 fixed bill: this volume will roll astir into transaction # single (superfluous volume priced at exponent +. 769) thanks."
ham,"louise, attached please find for your review the assignment letter of the alphabet for carlos alatorre which has been approved by hr and myself. let pine tree state know if you hold any questions or input, otherwise when i get your okeh we will sign carlos up and make it prescribed. thanks, steve"
ham,"shiva, i will have to check and see if we can accomodate a 5 day 8 to 5 year. also, president ' s day is a holiday for us, so we may have to look at a later date. - - stinson "" siva thiagarajan "" on 01 / 29 / 2001 08: 51: 02 am to: cc: subject: re: durasoft - - java class stinson, iodin have attached a file along with this email that lists the software needed for our java class. we would like to do the course from monday thru friday, octonary am to 5 pm. that way we can complete the class within a week. we are unable to offer classes in the evenings or for few hours a week. we usually teach week long courses for our other clients and because of that we won ' t be available. currently, we can do the class from feb. nineteen th through with feb. 23 (that is if you personify working on feb 19 th, president ' s day ). i will call you sometime this afternoon to talk further. please feel free to reach me if you have any further questions in the mean time. regards, - siva - - - - - original message - - - - - from: stinson. gibner @ enron. com to: siva @ durasoftcorp. com date: friday, january 26, 2001 5: 52 pm subject: re: durasoft - - java class> > siva,> > a few additional questions. give the axe you tell me what software would be> required for the students? also, when would venkat be available to start> the class and what type of schedule would you recommend? would having two> hour classes twice a week from, say, 4 - 6 pm work? we have a high level of> interest and just need to iron out the details. feel free to call me> (late afternoon on monday might be best) at 713 853 4748 or email.> > - - stinson> >> - javasoftwareneeds. htm"
ham,"hi vince, i am enclosing a report on my thoughts about risk and return behaviour of an insurance portfolio. your input on this will be very helpful. unity have given vasant a copy of this report and am working with him towards improving this. in the mean time, i happened to mention this idea in a meeting with david porter, per sekse, brad blesie and david hoog and there seems to be some interest in understanding how this works. in fact, david hoog later on reviewed this with me and suggested some changes. those changes have been included in this report. the idea here is simple and just a starting point. while it provides a broad picture on how risk of exposure and return will behave at portfolio level, i am hoping to be able to relax some of the assumptions to get more realistic picture in near future. looking forward to your input, sincerely, amitava"
ham,i just heard from sam behrends. he indicated that ferc approving make up ninety seven% likely. stuart
ham,"please forward to others who need this information. as you know, enron ' s been involved with a group of business customers, small customers, labor and enviros trying to hammer out a core / noncore proposal that would act as a key modification to edison ' s mou with the governor. today, the assembly leadership released a bill (ab 82 xx) that modifies the mou but does not follow the core / noncore proposal negotiated by the group. the bill just came out, is about 80 pages long, and exhaustive analysis has not yet been completed. the url for the bill is attached. based on a meeting attended this morning in sacramento, the key features of the bill (which is attached) are: direct access suspended until 1. 1. 2003 (suspension presumably effective on the effective date of the bill) transmission sale at 2 x book. close to 90% (or greater) of edison ' s undercollection absorbed by customers 20 kw and above. create a trust to address the money owed to the generators and offer the generators 70 cents on the dollar (but does not do away with the suits, investigations, etc.) the bill is completely silent regarding who will pay for the dwr contracts and what the payment structure will look like. reaction and timetable very chaotic, with considerable uncertainty about where (if anywhere) the bill will go, leaving many to believe that bankruptcy remains a strong possibility. business customers (and of course enron) are strongly opposed republicans are strongly opposed labor has big problems with the tx sale unless they get assurances that tx labor jobs are guaranteed, which is not yet included in the bill we are working with business to remove the direct access suspension we are also working on the senate side to attempt to get the senate to include direct access in their version of the modified mou, but the senate has been more hostile than the assembly to direct access. senate democrats still intend to run a bill that delinks payment of the bonds to repay general fund for power already purchased from the dwr contracts. ab 82 xx does not address this issue. senate democrats also intend to craft their own version of a "" modified mou. "" word is that the senate will release their bond language and their "" modify "" mou this weekend or early next week. the assembly will hold an "" informational "" hearing on the bill tomorrow (saturday) to get members up to speed the assembly volition have a committee hearing and vote on the bill on monday, with the intent of send the bill to the full assembly for a vote on tuesday. the legsilature is supposed to have a month - long recess beginning friday, july 20 th, which requires that both the budget and the energy issue get resolved by then, or suspend the recess and continue working will continue to provide updates as events unfold. if folks have extra comments on the bill, please direct them to harry kingerski and leslie lawner, who will ensure that they get into the hands of our lobbyists in sacramento. if there are any questions, my pager is 888. 916. 7184. best, jeff - abx 2 _ 82 _ bill _ 20010712 _ intro. pdf"
ham,"louise, we sustain a lead on flip one of the mitsubishis. no details yet, but we will be contacting brett to get scope / spec. chris"
ham,"i will be 40 years one time this saturday, and was thinking about having some friends around for pinochle and soda crackers. .. .. no, just kidding. i ' ll actually comprise turning a different age which i ' ll disclose to you if you come to my party and partake in some fine draft beer and fajitas and hot chicks! festivities begin around 7 p. m. bring something to grill - we ' ll provide the fixings for fajitas. directions are as follows. .. .. . i - 84 east to 33 rd ave. exit left off the exit straight through the brightness level at broadway & 33 rd left on brazee (directly across the street from grant park) my household is directly in front on the corner of 32 nd place and brazee. tall, white with green trim. guarded by two mean cats. call if you get lost - 503 - 288 - 6546. see you on saturday! kate"
ham,"hello mr. kudin: vince kaminski has asked me to schedule interviews for you with some of the enquiry group. however, tuesday, the 8 th is not a good day for everyone as we will need approximately 3 hours. could you do it thursday afternoon may 10 th? we could start at 1: 00 pm and be through by 4: 00 pm. the interviewers would be: vince kaminski managing director stinson gibner vice president krishna krishnarao vice chief executive tanya tamarchenko director zimin lu director alex huang director please let me know if this volition work for you. if so, i will need you to forward me a copy of your resume. regards, shirley crenshaw administrative coordinator enron research group 713 - 853 - 5290 email: shirley. crenshaw @ enron. com"
ham,"enrononline / netcoonline status update: - "" netcoonline "" will be distinct from enrononline, with much the same functionality and a refreshed facial expression. - we will carry data to support the same gas and power products as were on enrononline. please contact us if you will need different products from what was on enrononline. - we have prepared a list of top customers in cdn and us gas and power (copy attached ), which we will be using as a guide in chasing signed password applications. - to speed the registration process, top customers will be preloaded into the system for activation as soon as we receive their password application. - we represent intending to use a simple, online gtc, which give the axe be superceded by a negotiated master agreement, as with enrononline. - internal trader names have been circulated to each desk head for approval. dave - - - - - original message - - - - - from: kitchen, louise sent: thursday, december 27, 2001 4: 58 pm to: belden, tim; calger, christopher f. ; presto, kevin m. ; duran, w. david; robinson, mitch; forster, david; curry, mike; arnold, john; shively, hunter s. ; milnthorp, rob; zufferli, john; luce, laura; vickers, frank; neal, scott; lagrasta, fred; aucoin, berney c. ; steffes, james d. ; roberts, mike a. ; grigsby, mike; tycholiz, barry; allen, phillip k. ; redmond, brian; martin, thomas a. cc: lavorato, john subject: re - start / integration planning we have for the last couple of weeks started to compile the re - start / integration plans for netco. so far, we have primarily focussed on the mid / back plans where the technology requirements have been the driving factors. several plans are in the final stages of completion including: - + infrastructure jenny ass rub + development jay webb + enrononline webb / forster + hr david oxley + cash management uncle tom myers + credit debbie brackett the rest will be completed shortly. we now need to focus on the commercial plans which have a slightly different focus. john the evangelist and i would like to receive the programme "" re - start / integration "" plans by january 7 th, 2002 in order to go through them individually with each of you or in groups. the focus should be to assure that we have as much of the business up and running in the shortest time possible. i have a suggested outline which you do not have to use but i thought it might help. please decide within yourselves the areas you will cover together or individually. customer side + customers phase 1 - first week (eg top 10) phase 2 - first month (eg top 50) phase 3 - first quarter (eg top 100) + action plan phase 1 customers phase 2 customers phase 3 customers + contracts by customers (pre - prepared with credit terms etc) + customer visit schedule product side + list of products phase 1 - first week phase 2 - first month phase 3 - first quarter target number of transactions + phase 1 + phase 2 + phase 3 information technology transfer louise"
